{"type":"FeatureCollection","features":[{"type":"Feature","id":"BK0101","properties":{"name":"Greenpoint","nta2020":"BK0101","borough":"Brooklyn","source":"NYC DCP NTA2020"},"geometry":{"type":"Polygon","coordinates":[[[-73.93214,40.72817],[-73.93302,40.72822],[-73.93493,40.72855],[-73.93693,40.72912],[-73.93809,40.72976],[-73.93975,40.73107],[-73.94069,40.73303],[-73.94116,40.73376],[-73.94115,40.73416],[-73.94174,40.73496],[-73.9424,40.73543],[-73.94452,40.73629],[-73.94557,40.73662],[-73.94625,40.73617],[-73.94674,40.73529],[-73.9466,40.73445],[-73.94707,40.73441],[-73.9472,40.73536],[-73.94644,40.73679],[-73.94716,40.73716],[-73.94841,40.73752],[-73.95039,40.73829],[-73.95199,40.73876],[-73.95323,40.739],[-73.95476,40.73913],[-73.95693,40.7389],[-73.95843,40.73807],[-73.95982,40.73708],[-73.96158,40.73519],[-73.96229,40.73406],[-73.96226,40.73292],[-73.96171,40.73157],[-73.96168,40.73149],[-73.96129,40.73017],[-73.96128,40.73007],[-73.96102,40.72871],[-73.96162,40.72667],[-73.96162,40.72587],[-73.96029,40.72596],[-73.96013,40.72533],[-73.95843,40.72541],[-73.95795,40.72504],[-73.95804,40.72444],[-73.95772,40.72429],[-73.95478,40.72247],[-73.95165,40.72349],[-73.95065,40.72171],[-73.94908,40.72255],[-73.94842,40.71846],[-73.94721,40.71857],[-73.94561,40.71958],[-73.94196,40.72166],[-73.94022,40.7229],[-73.93716,40.72449],[-73.93412,40.72686],[-73.93214,40.72817]]]}},{"type":"Feature","id":"BK0102","properties":{"name":"Williamsburg","nta2020":"BK0102","borough":"Brooklyn","source":"NYC DCP NTA2020"},"geometry":{"type":"Polygon","coordinates":[[[-73.95772,40.72429],[-73.95833,40.72442],[-73.96117,40.72527],[-73.96154,40.72512],[-73.96201,40.724],[-73.96207,40.72389],[-73.96297,40.72204],[-73.96354,40.72158],[-73.9644,40.72045],[-73.96503,40.72039],[-73.9654,40.7196],[-73.96512,40.71924],[-73.96655,40.71805],[-73.96725,40.71699],[-73.96737,40.71649],[-73.96885,40.71322],[-73.96887,40.71224],[-73.96942,40.71095],[-73.96994,40.70931],[-73.96985,40.70801],[-73.96929,40.7071],[-73.96838,40.70684],[-73.96328,40.70774],[-73.95846,40.70726],[-73.95791,40.70844],[-73.95191,40.70637],[-73.95024,40.70548],[-73.95088,40.70952],[-73.94866,40.70973],[-73.94937,40.71408],[-73.95349,40.71408],[-73.95115,40.71604],[-73.94904,40.71744],[-73.94721,40.71857],[-73.94842,40.71846],[-73.94908,40.72255],[-73.95065,40.72171],[-73.95165,40.72349],[-73.95478,40.72247],[-73.95772,40.72429]]]}},{"type":"Feature","id":"BK0103","properties":{"name":"South Williamsburg","nta2020":"BK0103","borough":"Brooklyn","source":"NYC DCP NTA2020"},"geometry":{"type":"Polygon","coordinates":[[[-73.95024,40.70548],[-73.95191,40.70637],[-73.95791,40.70844],[-73.95846,40.70726],[-73.96328,40.70774],[-73.96838,40.70684],[-73.96762,40.70497],[-73.96721,40.70426],[-73.96387,40.70155],[-73.96218,40.70023],[-73.96284,40.69805],[-73.96105,40.69833],[-73.95702,40.69898],[-73.95009,40.6998],[-73.94439,40.70043],[-73.94193,40.70073],[-73.94307,40.70143],[-73.94925,40.7049],[-73.95024,40.70548]]]}},{"type":"Feature","id":"BK0104","properties":{"name":"East Williamsburg","nta2020":"BK0104","borough":"Brooklyn","source":"NYC DCP NTA2020"},"geometry":{"type":"Polygon","coordinates":[[[-73.92404,40.71402],[-73.92434,40.71413],[-73.92483,40.71529],[-73.92431,40.71586],[-73.92306,40.71635],[-73.92364,40.71733],[-73.92459,40.71796],[-73.92595,40.7177],[-73.9281,40.71714],[-73.9289,40.71658],[-73.92844,40.71554],[-73.93085,40.71491],[-73.93105,40.71462],[-73.93042,40.7132],[-73.93174,40.71276],[-73.93185,40.71256],[-73.93025,40.70894],[-73.93093,40.70917],[-73.9319,40.71135],[-73.93328,40.71099],[-73.93339,40.71124],[-73.93203,40.7116],[-73.93265,40.71301],[-73.93165,40.71335],[-73.93124,40.71373],[-73.93175,40.71475],[-73.93211,40.71505],[-73.92947,40.71573],[-73.92932,40.71612],[-73.92971,40.71705],[-73.92882,40.71774],[-73.92838,40.71759],[-73.92482,40.7185],[-73.92452,40.71962],[-73.92482,40.72027],[-73.92562,40.72007],[-73.9278,40.72493],[-73.92787,40.72583],[-73.9285,40.72662],[-73.92958,40.72762],[-73.93214,40.72817],[-73.93412,40.72686],[-73.93716,40.72449],[-73.94022,40.7229],[-73.94196,40.72166],[-73.94561,40.71958],[-73.94721,40.71857],[-73.94904,40.71744],[-73.95115,40.71604],[-73.95349,40.71408],[-73.94937,40.71408],[-73.94866,40.70973],[-73.95088,40.70952],[-73.95024,40.70548],[-73.94925,40.7049],[-73.94307,40.70143],[-73.94193,40.70073],[-73.93837,40.70155],[-73.93395,40.70268],[-73.92596,40.70582],[-73.92189,40.7094],[-73.92075,40.71054],[-73.92155,40.71105],[-73.92224,40.71286],[-73.92404,40.71402]]]}},{"type":"Feature","id":"BK0201","properties":{"name":"Brooklyn Heights","nta2020":"BK0201","borough":"Brooklyn","source":"NYC DCP NTA2020"},"geometry":{"type":"Polygon","coordinates":[[[-73.99237,40.6897],[-73.99048,40.68915],[-73.98922,40.69097],[-73.98894,40.69209],[-73.98947,40.6923],[-73.99097,40.69256],[-73.99045,40.69384],[-73.99129,40.6966],[-73.99143,40.69829],[-73.99124,40.69938],[-73.99084,40.70029],[-73.99093,40.70077],[-73.99261,40.70207],[-73.99382,40.70267],[-73.99505,40.70314],[-73.99514,40.70298],[-73.99526,40.70282],[-73.99539,40.70265],[-73.9965,40.70115],[-73.99725,40.70015],[-73.99716,40.6998],[-73.9975,40.69965],[-73.998,40.69881],[-73.99802,40.69877],[-73.99838,40.69807],[-73.99887,40.69717],[-73.99948,40.69671],[-73.99941,40.69637],[-74.00027,40.69497],[-74.0007,40.6944],[-74.00078,40.69429],[-74.00096,40.69408],[-74.00175,40.69242],[-74.00162,40.69256],[-73.99992,40.69178],[-73.99237,40.6897]]]}},{"type":"Feature","id":"BK0202","properties":{"name":"Downtown Brooklyn-DUMBO-Boerum Hill","nta2020":"BK0202","borough":"Brooklyn","source":"NYC DCP NTA2020"},"geometry":{"type":"Polygon","coordinates":[[[-73.98055,40.69825],[-73.98041,40.70071],[-73.98085,40.7013],[-73.98091,40.70187],[-73.98003,40.70215],[-73.98028,40.70305],[-73.97933,40.70475],[-73.97912,40.70554],[-73.97928,40.7058],[-73.98024,40.70577],[-73.98091,40.70592],[-73.98093,40.70538],[-73.98344,40.70565],[-73.98644,40.70536],[-73.98692,40.70517],[-73.98829,40.70508],[-73.9883,40.70455],[-73.99009,40.70495],[-73.99095,40.70404],[-73.99186,40.70409],[-73.99213,40.7047],[-73.99351,40.70463],[-73.99457,40.70438],[-73.995,40.70366],[-73.99505,40.70314],[-73.99382,40.70267],[-73.99261,40.70207],[-73.99093,40.70077],[-73.99084,40.70029],[-73.99124,40.69938],[-73.99143,40.69829],[-73.99129,40.6966],[-73.99045,40.69384],[-73.99097,40.69256],[-73.98947,40.6923],[-73.98894,40.69209],[-73.98922,40.69097],[-73.99048,40.68915],[-73.99237,40.6897],[-73.99393,40.68646],[-73.98913,40.6846],[-73.98828,40.68588],[-73.97962,40.6825],[-73.97808,40.68492],[-73.98065,40.68847],[-73.98084,40.68887],[-73.98351,40.68993],[-73.98314,40.69001],[-73.9814,40.68994],[-73.98206,40.69132],[-73.98179,40.69165],[-73.98176,40.69296],[-73.98252,40.69299],[-73.98251,40.69361],[-73.97917,40.6935],[-73.98014,40.69472],[-73.98041,40.69657],[-73.98055,40.69825]]]}},{"type":"Feature","id":"BK0203","properties":{"name":"Fort Greene","nta2020":"BK0203","borough":"Brooklyn","source":"NYC DCP NTA2020"},"geometry":{"type":"Polygon","coordinates":[[[-73.96284,40.69805],[-73.96578,40.69764],[-73.98055,40.69825],[-73.98041,40.69657],[-73.98014,40.69472],[-73.97917,40.6935],[-73.98251,40.69361],[-73.98252,40.69299],[-73.98176,40.69296],[-73.98179,40.69165],[-73.98206,40.69132],[-73.9814,40.68994],[-73.98314,40.69001],[-73.98351,40.68993],[-73.98084,40.68887],[-73.98065,40.68847],[-73.97808,40.68492],[-73.97746,40.68406],[-73.97595,40.68352],[-73.97376,40.68306],[-73.96869,40.68201],[-73.96906,40.68417],[-73.97013,40.68951],[-73.96911,40.68948],[-73.96983,40.69314],[-73.96881,40.69313],[-73.9694,40.69609],[-73.96547,40.69594],[-73.96455,40.69612],[-73.96365,40.69663],[-73.96318,40.6972],[-73.96284,40.69805]]]}},{"type":"Feature","id":"BK0204","properties":{"name":"Clinton Hill","nta2020":"BK0204","borough":"Brooklyn","source":"NYC DCP NTA2020"},"geometry":{"type":"Polygon","coordinates":[[[-73.96135,40.68047],[-73.96127,40.68053],[-73.96167,40.6827],[-73.95884,40.68303],[-73.96029,40.69035],[-73.95943,40.69046],[-73.96016,40.69413],[-73.96105,40.69833],[-73.96284,40.69805],[-73.96318,40.6972],[-73.96365,40.69663],[-73.96455,40.69612],[-73.96547,40.69594],[-73.9694,40.69609],[-73.96881,40.69313],[-73.96983,40.69314],[-73.96911,40.68948],[-73.97013,40.68951],[-73.96906,40.68417],[-73.96869,40.68201],[-73.96135,40.68047]]]}},{"type":"Feature","id":"BK0301","properties":{"name":"Bedford-Stuyvesant (West)","nta2020":"BK0301","borough":"Brooklyn","source":"NYC DCP NTA2020"},"geometry":{"type":"Polygon","coordinates":[[[-73.94414,40.67825],[-73.94397,40.6801],[-73.94033,40.6799],[-73.94339,40.6953],[-73.94439,40.70043],[-73.95009,40.6998],[-73.95702,40.69898],[-73.96105,40.69833],[-73.96016,40.69413],[-73.95943,40.69046],[-73.96029,40.69035],[-73.95884,40.68303],[-73.96167,40.6827],[-73.96127,40.68053],[-73.96135,40.68047],[-73.95596,40.67935],[-73.95531,40.67928],[-73.95205,40.67868],[-73.94968,40.67857],[-73.94414,40.67825]]]}},{"type":"Feature","id":"BK0302","properties":{"name":"Bedford-Stuyvesant (East)","nta2020":"BK0302","borough":"Brooklyn","source":"NYC DCP NTA2020"},"geometry":{"type":"Polygon","coordinates":[[[-73.92778,40.69277],[-73.9297,40.69387],[-73.93818,40.69865],[-73.94193,40.70073],[-73.94439,40.70043],[-73.94339,40.6953],[-73.94033,40.6799],[-73.94397,40.6801],[-73.94414,40.67825],[-73.93862,40.67795],[-73.92478,40.67717],[-73.92182,40.67703],[-73.92165,40.67888],[-73.9163,40.67859],[-73.91639,40.67891],[-73.91805,40.68722],[-73.92778,40.69277]]]}},{"type":"Feature","id":"BK0401","properties":{"name":"Bushwick (West)","nta2020":"BK0401","borough":"Brooklyn","source":"NYC DCP NTA2020"},"geometry":{"type":"Polygon","coordinates":[[[-73.91142,40.70149],[-73.91291,40.70237],[-73.91181,40.70344],[-73.92189,40.7094],[-73.92596,40.70582],[-73.93395,40.70268],[-73.93837,40.70155],[-73.94193,40.70073],[-73.93818,40.69865],[-73.9297,40.69387],[-73.92778,40.69277],[-73.92648,40.69415],[-73.9275,40.6947],[-73.9265,40.69572],[-73.92425,40.69444],[-73.92083,40.69793],[-73.91932,40.69707],[-73.91632,40.70013],[-73.91406,40.69885],[-73.91142,40.70149]]]}},{"type":"Feature","id":"BK0402","properties":{"name":"Bushwick (East)","nta2020":"BK0402","borough":"Brooklyn","source":"NYC DCP NTA2020"},"geometry":{"type":"Polygon","coordinates":[[[-73.9014,40.6916],[-73.9058,40.69414],[-73.90426,40.69571],[-73.91181,40.69996],[-73.91068,40.70105],[-73.91142,40.70149],[-73.91406,40.69885],[-73.91632,40.70013],[-73.91932,40.69707],[-73.92083,40.69793],[-73.92425,40.69444],[-73.9265,40.69572],[-73.9275,40.6947],[-73.92648,40.69415],[-73.92778,40.69277],[-73.91805,40.68722],[-73.91077,40.6831],[-73.90405,40.67923],[-73.90262,40.68067],[-73.90286,40.68095],[-73.90281,40.68235],[-73.90576,40.68401],[-73.9045,40.68631],[-73.90534,40.68683],[-73.90488,40.68774],[-73.9033,40.68963],[-73.9014,40.6916]]]}},{"type":"Feature","id":"BK0501","properties":{"name":"Cypress Hills","nta2020":"BK0501","borough":"Brooklyn","source":"NYC DCP NTA2020"},"geometry":{"type":"Polygon","coordinates":[[[-73.8663,40.68319],[-73.8666,40.68528],[-73.86746,40.68841],[-73.86806,40.69119],[-73.87173,40.69029],[-73.87571,40.68857],[-73.88027,40.68629],[-73.88819,40.68256],[-73.88893,40.68313],[-73.89016,40.68501],[-73.89258,40.6835],[-73.89418,40.68529],[-73.89555,40.6838],[-73.89629,40.68277],[-73.89668,40.68189],[-73.89687,40.68089],[-73.89749,40.68008],[-73.8989,40.67957],[-73.90025,40.67943],[-73.90262,40.68067],[-73.90405,40.67923],[-73.90005,40.6769],[-73.89836,40.67767],[-73.89776,40.67807],[-73.89654,40.6786],[-73.89622,40.67737],[-73.88988,40.67831],[-73.88901,40.67857],[-73.88826,40.67563],[-73.88051,40.67678],[-73.88106,40.67899],[-73.87743,40.68002],[-73.87359,40.6811],[-73.87328,40.67993],[-73.8712,40.68023],[-73.87156,40.68169],[-73.8663,40.68319]]]}},{"type":"Feature","id":"BK0502","properties":{"name":"East New York (North)","nta2020":"BK0502","borough":"Brooklyn","source":"NYC DCP NTA2020"},"geometry":{"type":"Polygon","coordinates":[[[-73.87423,40.67087],[-73.87496,40.67366],[-73.87658,40.68018],[-73.87743,40.68002],[-73.88106,40.67899],[-73.88051,40.67678],[-73.88826,40.67563],[-73.88901,40.67857],[-73.88988,40.67831],[-73.89622,40.67737],[-73.89654,40.6786],[-73.89776,40.67807],[-73.89836,40.67767],[-73.90005,40.6769],[-73.90292,40.67569],[-73.90348,40.67551],[-73.90266,40.67221],[-73.90229,40.67094],[-73.90167,40.66842],[-73.90085,40.66535],[-73.88031,40.6684],[-73.87849,40.66866],[-73.87887,40.6702],[-73.87423,40.67087]]]}},{"type":"Feature","id":"BK0503","properties":{"name":"East New York-New Lots","nta2020":"BK0503","borough":"Brooklyn","source":"NYC DCP NTA2020"},"geometry":{"type":"Polygon","coordinates":[[[-73.86718,40.66046],[-73.86816,40.66174],[-73.87057,40.66503],[-73.87388,40.66946],[-73.87423,40.67087],[-73.87887,40.6702],[-73.87849,40.66866],[-73.88031,40.6684],[-73.90085,40.66535],[-73.90043,40.66382],[-73.90145,40.66367],[-73.90066,40.66059],[-73.89965,40.66074],[-73.89879,40.65742],[-73.9003,40.65722],[-73.90119,40.65652],[-73.90318,40.65532],[-73.90784,40.6546],[-73.9074,40.65285],[-73.90856,40.6521],[-73.90945,40.65153],[-73.90869,40.65073],[-73.90849,40.65059],[-73.90828,40.65051],[-73.90398,40.64664],[-73.90075,40.64874],[-73.89947,40.64955],[-73.89873,40.65003],[-73.89798,40.6505],[-73.89721,40.651],[-73.89681,40.65127],[-73.89628,40.65161],[-73.89622,40.65166],[-73.89586,40.65189],[-73.89611,40.65211],[-73.8962,40.65219],[-73.89664,40.65258],[-73.89684,40.65277],[-73.89746,40.65333],[-73.89761,40.65346],[-73.89741,40.65355],[-73.89678,40.65382],[-73.89595,40.65418],[-73.89521,40.6545],[-73.89441,40.65484],[-73.89355,40.65521],[-73.89246,40.65372],[-73.89234,40.65354],[-73.89221,40.65337],[-73.89208,40.6532],[-73.89195,40.65303],[-73.89181,40.65286],[-73.89167,40.6527],[-73.89152,40.65253],[-73.89137,40.65237],[-73.89004,40.65119],[-73.89001,40.65116],[-73.86916,40.66013],[-73.86718,40.66046]]]}},{"type":"Feature","id":"BK0504","properties":{"name":"Spring Creek-Starrett City","nta2020":"BK0504","borough":"Brooklyn","source":"NYC DCP NTA2020"},"geometry":{"type":"MultiPolygon","coordinates":[[[[-73.88829,40.64673],[-73.8882,40.64715],[-73.88864,40.64709],[-73.88854,40.64698],[-73.88847,40.64691],[-73.88829,40.64673]]],[[[-73.86054,40.65463],[-73.86087,40.65509],[-73.86206,40.65521],[-73.86226,40.65525],[-73.86245,40.6553],[-73.86366,40.6559],[-73.86433,40.65664],[-73.86599,40.65887],[-73.86646,40.65949],[-73.86711,40.66037],[-73.86718,40.66046],[-73.86916,40.66013],[-73.89001,40.65116],[-73.89122,40.65],[-73.89035,40.64904],[-73.88996,40.64927],[-73.88925,40.64875],[-73.88864,40.64803],[-73.88764,40.64781],[-73.88764,40.64633],[-73.8872,40.64561],[-73.88601,40.64458],[-73.88558,40.64405],[-73.88481,40.64395],[-73.88342,40.64453],[-73.88215,40.64375],[-73.88224,40.64346],[-73.88139,40.64236],[-73.88007,40.64201],[-73.88048,40.64113],[-73.87987,40.64035],[-73.87926,40.64002],[-73.87835,40.63888],[-73.87647,40.64262],[-73.87497,40.64501],[-73.87386,40.64632],[-73.87672,40.65033],[-73.87676,40.65057],[-73.87911,40.65371],[-73.87972,40.65438],[-73.87922,40.6546],[-73.87352,40.64688],[-73.87126,40.64856],[-73.86927,40.64978],[-73.86279,40.65327],[-73.86054,40.65463]]]]}},{"type":"Feature","id":"BK0505","properties":{"name":"East New York-City Line","nta2020":"BK0505","borough":"Brooklyn","source":"NYC DCP NTA2020"},"geometry":{"type":"Polygon","coordinates":[[[-73.86335,40.67936],[-73.8641,40.68238],[-73.86602,40.68193],[-73.8663,40.68319],[-73.87156,40.68169],[-73.8712,40.68023],[-73.87328,40.67993],[-73.87359,40.6811],[-73.87743,40.68002],[-73.87658,40.68018],[-73.87496,40.67366],[-73.87423,40.67087],[-73.87388,40.66946],[-73.87057,40.66503],[-73.86816,40.66174],[-73.86718,40.66046],[-73.86711,40.66037],[-73.86646,40.65949],[-73.86599,40.65887],[-73.86433,40.65664],[-73.86366,40.6559],[-73.86245,40.6553],[-73.86226,40.65525],[-73.86206,40.65521],[-73.86173,40.6553],[-73.86264,40.65568],[-73.8632,40.65635],[-73.86328,40.65695],[-73.8627,40.65763],[-73.86317,40.65828],[-73.86175,40.65895],[-73.86119,40.65926],[-73.86031,40.65964],[-73.85939,40.65978],[-73.85852,40.65991],[-73.85762,40.66013],[-73.85843,40.66346],[-73.85659,40.66376],[-73.85612,40.66382],[-73.85569,40.66388],[-73.85612,40.66552],[-73.85685,40.66861],[-73.85723,40.6701],[-73.85725,40.67018],[-73.85727,40.67026],[-73.85729,40.67033],[-73.85731,40.67042],[-73.85763,40.67166],[-73.86039,40.67126],[-73.86078,40.67281],[-73.86132,40.67503],[-73.86235,40.67917],[-73.86328,40.67909],[-73.86335,40.67936]]]}},{"type":"Feature","id":"BK0601","properties":{"name":"Carroll Gardens-Cobble Hill-Gowanus-Red Hook","nta2020":"BK0601","borough":"Brooklyn","source":"NYC DCP NTA2020"},"geometry":{"type":"Polygon","coordinates":[[[-73.99237,40.6897],[-73.99992,40.69178],[-74.00162,40.69256],[-74.00175,40.69242],[-74.00197,40.69185],[-74.00133,40.69147],[-74.0007,40.69062],[-74.00096,40.69014],[-74.00196,40.69014],[-74.00298,40.69043],[-74.00382,40.68894],[-74.00459,40.68822],[-74.00563,40.68679],[-74.00588,40.6862],[-74.00702,40.68653],[-74.00817,40.68618],[-74.01193,40.6839],[-74.01077,40.68437],[-74.00967,40.68328],[-74.01302,40.68042],[-74.01388,40.68102],[-74.01361,40.68123],[-74.01411,40.68172],[-74.01214,40.68291],[-74.01282,40.68363],[-74.01532,40.68212],[-74.0152,40.68199],[-74.01747,40.68062],[-74.01773,40.68067],[-74.01928,40.67966],[-74.01955,40.67904],[-74.01858,40.67899],[-74.01827,40.67856],[-74.01843,40.67792],[-74.01904,40.67788],[-74.01908,40.67715],[-74.01995,40.67711],[-74.01977,40.67662],[-74.01798,40.67658],[-74.01802,40.67589],[-74.01854,40.67578],[-74.01799,40.67513],[-74.01815,40.67438],[-74.01727,40.67362],[-74.0188,40.67226],[-74.01817,40.67195],[-74.01497,40.67469],[-74.01458,40.67442],[-74.01632,40.67292],[-74.01512,40.67217],[-74.01337,40.6736],[-74.01298,40.67334],[-74.01423,40.67214],[-74.01387,40.67189],[-74.01428,40.67139],[-74.01355,40.67127],[-74.01262,40.67085],[-74.01175,40.67067],[-74.01424,40.66982],[-74.01406,40.66971],[-74.01163,40.67059],[-74.01154,40.66979],[-74.01087,40.66972],[-74.01088,40.66861],[-74.01228,40.66574],[-74.01594,40.66548],[-74.01603,40.66487],[-74.01649,40.66494],[-74.01669,40.66545],[-74.01751,40.67104],[-74.01888,40.67161],[-74.01858,40.6704],[-74.01789,40.66586],[-74.0169,40.66485],[-74.01575,40.66458],[-74.01154,40.66509],[-74.00986,40.66853],[-74.00709,40.6686],[-74.0078,40.66717],[-74.00755,40.66706],[-74.0068,40.6686],[-74.00662,40.66863],[-74.00544,40.67093],[-74.00476,40.67073],[-74.006,40.6679],[-74.0051,40.66798],[-74.0029,40.66736],[-74.00222,40.66859],[-74.00142,40.66837],[-74.00106,40.66895],[-74.0003,40.66873],[-73.99931,40.67078],[-73.99877,40.67161],[-73.99855,40.67193],[-73.99662,40.66886],[-73.9947,40.66667],[-73.99277,40.66552],[-73.99174,40.66674],[-73.9839,40.67616],[-73.97962,40.6825],[-73.98828,40.68588],[-73.98913,40.6846],[-73.99393,40.68646],[-73.99237,40.6897]]]}},{"type":"Feature","id":"BK0602","properties":{"name":"Park Slope","nta2020":"BK0602","borough":"Brooklyn","source":"NYC DCP NTA2020"},"geometry":{"type":"Polygon","coordinates":[[[-73.97376,40.68306],[-73.97595,40.68352],[-73.97746,40.68406],[-73.97808,40.68492],[-73.97962,40.6825],[-73.9839,40.67616],[-73.99174,40.66674],[-73.98017,40.66116],[-73.97965,40.66125],[-73.97182,40.67064],[-73.97086,40.67187],[-73.97041,40.67266],[-73.96967,40.67265],[-73.96894,40.6729],[-73.96876,40.6734],[-73.96878,40.67426],[-73.96906,40.67482],[-73.96969,40.67537],[-73.9695,40.67591],[-73.97189,40.6764],[-73.97618,40.67807],[-73.97469,40.68027],[-73.97373,40.68294],[-73.97376,40.68306]]]}},{"type":"Feature","id":"BK0701","properties":{"name":"Windsor Terrace-South Slope","nta2020":"BK0701","borough":"Brooklyn","source":"NYC DCP NTA2020"},"geometry":{"type":"Polygon","coordinates":[[[-73.98017,40.66116],[-73.99174,40.66674],[-73.99277,40.66552],[-73.98832,40.66279],[-73.98872,40.66241],[-73.98725,40.66039],[-73.98843,40.65926],[-73.9818,40.65525],[-73.98029,40.64731],[-73.97527,40.64784],[-73.97315,40.64761],[-73.9714,40.64827],[-73.97209,40.65067],[-73.97256,40.65079],[-73.97233,40.65141],[-73.97412,40.6577],[-73.97448,40.65835],[-73.97516,40.65873],[-73.98017,40.66116]]]}},{"type":"Feature","id":"BK0702","properties":{"name":"Sunset Park (West)","nta2020":"BK0702","borough":"Brooklyn","source":"NYC DCP NTA2020"},"geometry":{"type":"Polygon","coordinates":[[[-73.99277,40.66552],[-73.9947,40.66667],[-73.99662,40.66886],[-73.99855,40.67193],[-73.99877,40.67161],[-73.99856,40.67134],[-73.99889,40.66995],[-73.99866,40.66952],[-73.99908,40.66905],[-73.99924,40.66831],[-73.99998,40.66746],[-74.00069,40.66755],[-74.00147,40.66718],[-74.00162,40.66677],[-74.00224,40.6668],[-74.00293,40.66647],[-73.99953,40.66441],[-74.00084,40.66301],[-74.00114,40.66291],[-74.00486,40.66507],[-74.00528,40.66467],[-74.00432,40.66406],[-74.00459,40.66374],[-74.0034,40.66299],[-74.00363,40.66274],[-74.00565,40.66391],[-74.00589,40.6642],[-74.00713,40.66492],[-74.00772,40.66473],[-74.00561,40.66347],[-74.006,40.66327],[-74.00473,40.6625],[-74.00456,40.66282],[-74.00349,40.66225],[-74.00381,40.66192],[-74.00593,40.66312],[-74.00623,40.6628],[-74.00415,40.66157],[-74.00429,40.66145],[-74.00569,40.66228],[-74.00616,40.66185],[-74.00869,40.66338],[-74.00955,40.66328],[-74.01046,40.66265],[-74.01037,40.66241],[-74.00746,40.66057],[-74.0086,40.65953],[-74.01024,40.66047],[-74.01266,40.66199],[-74.01316,40.66199],[-74.01402,40.66154],[-74.01111,40.65971],[-74.01184,40.65892],[-74.01366,40.66004],[-74.01401,40.65982],[-74.01554,40.66077],[-74.01746,40.65946],[-74.01442,40.65762],[-74.01505,40.65696],[-74.01751,40.65828],[-74.01774,40.65811],[-74.01544,40.65664],[-74.01586,40.65622],[-74.01861,40.65785],[-74.01911,40.65738],[-74.0164,40.65563],[-74.01727,40.6552],[-74.01971,40.65659],[-74.0198,40.6565],[-74.01715,40.65478],[-74.01788,40.65407],[-74.02005,40.65534],[-74.02026,40.65513],[-74.01812,40.65389],[-74.01873,40.65348],[-74.01897,40.65388],[-74.01962,40.65417],[-74.02048,40.65422],[-74.02165,40.65489],[-74.02183,40.65466],[-74.02115,40.65422],[-74.02163,40.65365],[-74.02119,40.65285],[-74.02196,40.65223],[-74.02285,40.65275],[-74.02381,40.65305],[-74.0209,40.65126],[-74.02154,40.65068],[-74.02273,40.65131],[-74.02523,40.65284],[-74.02537,40.65273],[-74.02285,40.65118],[-74.0236,40.65132],[-74.02491,40.65111],[-74.02553,40.65149],[-74.02605,40.651],[-74.02542,40.65063],[-74.02485,40.65061],[-74.02554,40.64979],[-74.02497,40.64861],[-74.02513,40.64833],[-74.02415,40.64762],[-74.02507,40.64673],[-74.02572,40.64662],[-74.02939,40.64881],[-74.02974,40.64849],[-74.02605,40.64627],[-74.02821,40.64402],[-74.02908,40.64441],[-74.03052,40.64528],[-74.0323,40.64359],[-74.02983,40.64233],[-74.02906,40.64173],[-74.0289,40.64122],[-74.0274,40.64055],[-74.02624,40.64013],[-74.02695,40.63945],[-74.02476,40.63813],[-74.02355,40.63933],[-74.02322,40.63991],[-74.02228,40.6407],[-74.02165,40.64061],[-74.0216,40.63909],[-74.02109,40.63827],[-74.01843,40.64085],[-74.01617,40.63949],[-74.00217,40.65296],[-73.99517,40.65968],[-73.99297,40.65835],[-73.99238,40.65891],[-73.99019,40.65761],[-73.98843,40.65926],[-73.98725,40.66039],[-73.98872,40.66241],[-73.98832,40.66279],[-73.99277,40.66552]]]}},{"type":"Feature","id":"BK0703","properties":{"name":"Sunset Park (Central)","nta2020":"BK0703","borough":"Brooklyn","source":"NYC DCP NTA2020"},"geometry":{"type":"Polygon","coordinates":[[[-73.99605,40.64835],[-73.99831,40.64975],[-73.9978,40.6503],[-74.00217,40.65296],[-74.01617,40.63949],[-74.01843,40.64085],[-74.02109,40.63827],[-74.02059,40.63782],[-74.01758,40.63603],[-74.01678,40.63544],[-74.01629,40.63592],[-74.01191,40.63324],[-74.01074,40.63436],[-74.00702,40.63212],[-74.00557,40.63309],[-74.00956,40.6355],[-73.99702,40.64755],[-73.99605,40.64835]]]}},{"type":"Feature","id":"BK0801","properties":{"name":"Prospect Heights","nta2020":"BK0801","borough":"Brooklyn","source":"NYC DCP NTA2020"},"geometry":{"type":"Polygon","coordinates":[[[-73.96134,40.67137],[-73.96007,40.67487],[-73.96318,40.67554],[-73.96154,40.68009],[-73.96135,40.68047],[-73.96869,40.68201],[-73.97376,40.68306],[-73.97373,40.68294],[-73.97469,40.68027],[-73.97618,40.67807],[-73.97189,40.6764],[-73.9695,40.67591],[-73.96969,40.67537],[-73.96906,40.67482],[-73.96878,40.67426],[-73.96876,40.6734],[-73.96894,40.6729],[-73.96749,40.67287],[-73.9654,40.67238],[-73.96257,40.67163],[-73.96134,40.67137]]]}},{"type":"Feature","id":"BK0802","properties":{"name":"Crown Heights (North)","nta2020":"BK0802","borough":"Brooklyn","source":"NYC DCP NTA2020"},"geometry":{"type":"Polygon","coordinates":[[[-73.94414,40.67825],[-73.94968,40.67857],[-73.95205,40.67868],[-73.95531,40.67928],[-73.95596,40.67935],[-73.96135,40.68047],[-73.96154,40.68009],[-73.96318,40.67554],[-73.96007,40.67487],[-73.96134,40.67137],[-73.95527,40.67013],[-73.93943,40.66926],[-73.92835,40.66866],[-73.92553,40.66851],[-73.92469,40.66748],[-73.92425,40.66645],[-73.92275,40.66711],[-73.92182,40.67703],[-73.92478,40.67717],[-73.93862,40.67795],[-73.94414,40.67825]]]}},{"type":"Feature","id":"BK0901","properties":{"name":"Crown Heights (South)","nta2020":"BK0901","borough":"Brooklyn","source":"NYC DCP NTA2020"},"geometry":{"type":"Polygon","coordinates":[[[-73.96134,40.67137],[-73.96257,40.67163],[-73.96096,40.66329],[-73.96062,40.66331],[-73.96034,40.66412],[-73.95729,40.66431],[-73.95721,40.66353],[-73.94817,40.66409],[-73.94546,40.66423],[-73.9427,40.66406],[-73.94283,40.66286],[-73.93161,40.66356],[-73.93069,40.66363],[-73.92872,40.6645],[-73.92835,40.66866],[-73.93943,40.66926],[-73.95527,40.67013],[-73.96134,40.67137]]]}},{"type":"Feature","id":"BK0902","properties":{"name":"Prospect Lefferts Gardens-Wingate","nta2020":"BK0902","borough":"Brooklyn","source":"NYC DCP NTA2020"},"geometry":{"type":"Polygon","coordinates":[[[-73.93161,40.66356],[-73.94283,40.66286],[-73.9427,40.66406],[-73.94546,40.66423],[-73.94817,40.66409],[-73.95721,40.66353],[-73.95729,40.66431],[-73.96034,40.66412],[-73.96062,40.66331],[-73.96096,40.66329],[-73.96225,40.66321],[-73.96291,40.66261],[-73.96308,40.66214],[-73.96188,40.65489],[-73.95986,40.65564],[-73.9597,40.65485],[-73.9563,40.65506],[-73.95639,40.65588],[-73.95016,40.65627],[-73.95007,40.65543],[-73.9424,40.65589],[-73.9309,40.65662],[-73.93108,40.6583],[-73.934,40.65813],[-73.93423,40.66042],[-73.93133,40.6606],[-73.93161,40.66356]]]}},{"type":"Feature","id":"BK1001","properties":{"name":"Bay Ridge","nta2020":"BK1001","borough":"Brooklyn","source":"NYC DCP NTA2020"},"geometry":{"type":"Polygon","coordinates":[[[-74.0323,40.64359],[-74.03288,40.64359],[-74.03407,40.64432],[-74.03445,40.64384],[-74.0367,40.64169],[-74.03674,40.64148],[-74.03571,40.64065],[-74.03673,40.63915],[-74.03869,40.63975],[-74.03876,40.6396],[-74.03681,40.63899],[-74.0393,40.63389],[-74.04075,40.63071],[-74.04105,40.63025],[-74.04143,40.62808],[-74.04168,40.62539],[-74.04188,40.62453],[-74.04171,40.62331],[-74.04175,40.62247],[-74.04158,40.62128],[-74.04162,40.62057],[-74.04138,40.62],[-74.04073,40.61706],[-74.04048,40.61563],[-74.03989,40.61436],[-74.03903,40.61317],[-74.03728,40.61162],[-74.03659,40.61065],[-74.03604,40.6093],[-74.03315,40.61024],[-74.03192,40.61083],[-74.03093,40.6116],[-74.03012,40.61261],[-74.02897,40.61352],[-74.02839,40.61426],[-74.02629,40.61634],[-74.02575,40.61607],[-74.02625,40.61511],[-74.02754,40.61295],[-74.02638,40.61246],[-74.02711,40.61025],[-74.02478,40.6097],[-74.02122,40.61848],[-74.02288,40.61947],[-74.02009,40.62243],[-74.01971,40.62219],[-74.01905,40.62361],[-74.01896,40.62406],[-74.01784,40.6266],[-74.01515,40.63323],[-74.01586,40.6334],[-74.01602,40.63437],[-74.01678,40.63544],[-74.01758,40.63603],[-74.02059,40.63782],[-74.02109,40.63827],[-74.0216,40.63909],[-74.02165,40.64061],[-74.02228,40.6407],[-74.02322,40.63991],[-74.02355,40.63933],[-74.02476,40.63813],[-74.02695,40.63945],[-74.02624,40.64013],[-74.0274,40.64055],[-74.0289,40.64122],[-74.02906,40.64173],[-74.02983,40.64233],[-74.0323,40.64359]]]}},{"type":"Feature","id":"BK1002","properties":{"name":"Dyker Heights","nta2020":"BK1002","borough":"Brooklyn","source":"NYC DCP NTA2020"},"geometry":{"type":"Polygon","coordinates":[[[-74.00702,40.63212],[-74.01074,40.63436],[-74.01191,40.63324],[-74.01629,40.63592],[-74.01678,40.63544],[-74.01602,40.63437],[-74.01586,40.6334],[-74.01515,40.63323],[-74.01784,40.6266],[-74.01896,40.62406],[-74.01905,40.62361],[-74.01971,40.62219],[-74.02009,40.62243],[-74.02288,40.61947],[-74.02122,40.61848],[-74.01171,40.61274],[-74.01051,40.6139],[-73.99932,40.62466],[-73.99772,40.62369],[-73.99724,40.6253],[-74.00252,40.62848],[-74.00193,40.62904],[-74.00702,40.63212]]]}},{"type":"Feature","id":"BK1101","properties":{"name":"Bensonhurst","nta2020":"BK1101","borough":"Brooklyn","source":"NYC DCP NTA2020"},"geometry":{"type":"Polygon","coordinates":[[[-73.99009,40.6228],[-73.99679,40.62683],[-73.99724,40.6253],[-73.99772,40.62369],[-73.99932,40.62466],[-74.01051,40.6139],[-74.0079,40.61233],[-74.00095,40.60865],[-74.00265,40.60727],[-74.00494,40.60508],[-74.00032,40.60263],[-74.00002,40.60292],[-73.99559,40.60024],[-73.99087,40.60478],[-73.98869,40.60343],[-73.98685,40.60511],[-73.98913,40.60646],[-73.98842,40.60713],[-73.97403,40.60871],[-73.97478,40.61265],[-73.97521,40.61289],[-73.98628,40.61957],[-73.9857,40.62014],[-73.99009,40.6228]]]}},{"type":"Feature","id":"BK1102","properties":{"name":"Bath Beach","nta2020":"BK1102","borough":"Brooklyn","source":"NYC DCP NTA2020"},"geometry":{"type":"Polygon","coordinates":[[[-73.99559,40.60024],[-74.00002,40.60292],[-74.00032,40.60263],[-74.00494,40.60508],[-74.00265,40.60727],[-74.00095,40.60865],[-74.0079,40.61233],[-74.01051,40.6139],[-74.01171,40.61274],[-74.01702,40.60766],[-74.0155,40.60685],[-74.01747,40.60497],[-74.01943,40.60288],[-74.01832,40.60243],[-74.01759,40.60251],[-74.01579,40.60229],[-74.01473,40.60207],[-74.01237,40.60136],[-74.01132,40.60091],[-74.00922,40.59985],[-74.00557,40.59758],[-74.00412,40.59646],[-74.00286,40.59519],[-74.00204,40.59407],[-74.00028,40.59571],[-73.99559,40.60024]]]}},{"type":"Feature","id":"BK1103","properties":{"name":"Gravesend (West)","nta2020":"BK1103","borough":"Brooklyn","source":"NYC DCP NTA2020"},"geometry":{"type":"Polygon","coordinates":[[[-73.98071,40.59401],[-73.97996,40.59408],[-73.98036,40.5962],[-73.97148,40.59718],[-73.97191,40.59943],[-73.97291,40.59932],[-73.97235,40.60336],[-73.97218,40.6042],[-73.9724,40.60566],[-73.973,40.60882],[-73.97403,40.60871],[-73.98842,40.60713],[-73.98913,40.60646],[-73.98685,40.60511],[-73.98869,40.60343],[-73.99087,40.60478],[-73.99559,40.60024],[-74.00028,40.59571],[-74.00204,40.59407],[-74.0011,40.59253],[-73.99948,40.59298],[-73.99903,40.59232],[-74.00006,40.59172],[-74.00018,40.59135],[-73.99917,40.59116],[-73.99755,40.59193],[-73.99711,40.59129],[-73.99776,40.59096],[-73.99844,40.59025],[-73.99838,40.58978],[-73.99867,40.5892],[-73.99794,40.58841],[-73.99755,40.58859],[-73.99376,40.59034],[-73.99331,40.58959],[-73.99154,40.5904],[-73.99037,40.59144],[-73.98962,40.59099],[-73.98602,40.59445],[-73.98464,40.59356],[-73.98071,40.59401]]]}},{"type":"Feature","id":"BK1201","properties":{"name":"Sunset Park (East)-Borough Park (West)","nta2020":"BK1201","borough":"Brooklyn","source":"NYC DCP NTA2020"},"geometry":{"type":"Polygon","coordinates":[[[-73.98906,40.64413],[-73.99605,40.64835],[-73.99702,40.64755],[-74.00956,40.6355],[-74.00557,40.63309],[-73.98906,40.64413]]]}},{"type":"Feature","id":"BK1202","properties":{"name":"Borough Park","nta2020":"BK1202","borough":"Brooklyn","source":"NYC DCP NTA2020"},"geometry":{"type":"Polygon","coordinates":[[[-73.97605,40.63128],[-73.97689,40.63568],[-73.97911,40.63545],[-73.98042,40.64239],[-73.983,40.64133],[-73.98332,40.64149],[-73.98835,40.64457],[-73.98906,40.64413],[-74.00557,40.63309],[-74.00702,40.63212],[-74.00193,40.62904],[-74.00252,40.62848],[-73.99724,40.6253],[-73.99679,40.62683],[-73.99009,40.6228],[-73.9883,40.62452],[-73.9861,40.62319],[-73.9844,40.6249],[-73.98215,40.62354],[-73.97753,40.62799],[-73.97658,40.62758],[-73.97717,40.63075],[-73.97605,40.63128]]]}},{"type":"Feature","id":"BK1203","properties":{"name":"Kensington","nta2020":"BK1203","borough":"Brooklyn","source":"NYC DCP NTA2020"},"geometry":{"type":"Polygon","coordinates":[[[-73.97605,40.63128],[-73.96987,40.6342],[-73.97029,40.63641],[-73.96804,40.63666],[-73.96892,40.63977],[-73.9714,40.64827],[-73.97315,40.64761],[-73.97527,40.64784],[-73.98029,40.64731],[-73.98181,40.64714],[-73.98835,40.64457],[-73.98332,40.64149],[-73.983,40.64133],[-73.98042,40.64239],[-73.97911,40.63545],[-73.97689,40.63568],[-73.97605,40.63128]]]}},{"type":"Feature","id":"BK1204","properties":{"name":"Mapleton-Midwood (West)","nta2020":"BK1204","borough":"Brooklyn","source":"NYC DCP NTA2020"},"geometry":{"type":"Polygon","coordinates":[[[-73.96286,40.61256],[-73.96608,40.62955],[-73.97137,40.62894],[-73.97092,40.62658],[-73.97624,40.62598],[-73.97658,40.62758],[-73.97753,40.62799],[-73.98215,40.62354],[-73.9844,40.6249],[-73.9861,40.62319],[-73.9883,40.62452],[-73.99009,40.6228],[-73.9857,40.62014],[-73.98628,40.61957],[-73.97521,40.61289],[-73.97478,40.61265],[-73.97403,40.60871],[-73.973,40.60882],[-73.9674,40.60947],[-73.9643,40.60978],[-73.96478,40.61234],[-73.96286,40.61256]]]}},{"type":"Feature","id":"BK1301","properties":{"name":"Gravesend (South)","nta2020":"BK1301","borough":"Brooklyn","source":"NYC DCP NTA2020"},"geometry":{"type":"Polygon","coordinates":[[[-73.98071,40.59401],[-73.98464,40.59356],[-73.98602,40.59445],[-73.98962,40.59099],[-73.99037,40.59144],[-73.99154,40.5904],[-73.99331,40.58959],[-73.99376,40.59034],[-73.99755,40.58859],[-73.99788,40.58835],[-74.00038,40.58714],[-74.00012,40.58696],[-73.99535,40.58934],[-73.99488,40.58878],[-73.99408,40.5887],[-73.9956,40.58785],[-73.99815,40.58654],[-73.99936,40.58639],[-73.99964,40.58608],[-73.99929,40.58556],[-73.99809,40.58548],[-73.99566,40.58671],[-73.99259,40.58811],[-73.99173,40.58671],[-73.99088,40.58586],[-73.98882,40.58438],[-73.9883,40.58347],[-73.98655,40.58367],[-73.9871,40.58465],[-73.98628,40.58449],[-73.98493,40.5846],[-73.98482,40.58418],[-73.98176,40.58359],[-73.97743,40.58291],[-73.97468,40.58313],[-73.97006,40.58396],[-73.969,40.58407],[-73.96786,40.58452],[-73.96662,40.58458],[-73.96344,40.58467],[-73.96255,40.58479],[-73.96233,40.58481],[-73.96162,40.58489],[-73.96031,40.58504],[-73.96026,40.58504],[-73.96027,40.58516],[-73.96033,40.58582],[-73.96035,40.58613],[-73.96035,40.58731],[-73.96041,40.58804],[-73.96052,40.58946],[-73.96068,40.59161],[-73.97557,40.58996],[-73.97752,40.59115],[-73.9777,40.59219],[-73.98071,40.59401]]]}},{"type":"Feature","id":"BK1302","properties":{"name":"Coney Island-Sea Gate","nta2020":"BK1302","borough":"Brooklyn","source":"NYC DCP NTA2020"},"geometry":{"type":"Polygon","coordinates":[[[-73.96662,40.58458],[-73.96786,40.58452],[-73.969,40.58407],[-73.97006,40.58396],[-73.97468,40.58313],[-73.97743,40.58291],[-73.98176,40.58359],[-73.98482,40.58418],[-73.98493,40.5846],[-73.98628,40.58449],[-73.9871,40.58465],[-73.98655,40.58367],[-73.9883,40.58347],[-73.98929,40.58197],[-73.98972,40.58085],[-73.9897,40.58043],[-73.98858,40.57983],[-73.98773,40.57983],[-73.98713,40.58094],[-73.98605,40.58173],[-73.98589,40.58115],[-73.98702,40.58003],[-73.9867,40.57982],[-73.98739,40.5791],[-73.98843,40.57882],[-73.98899,40.57884],[-73.99036,40.57943],[-73.99164,40.57924],[-73.99216,40.57933],[-73.99772,40.58072],[-73.99777,40.58146],[-73.99818,40.58173],[-73.99896,40.58164],[-73.99964,40.58132],[-74.00119,40.58143],[-74.00295,40.58144],[-74.00398,40.58173],[-74.00605,40.58199],[-74.00811,40.58163],[-74.00974,40.58081],[-74.01055,40.58062],[-74.01176,40.57986],[-74.01235,40.57923],[-74.01303,40.57786],[-74.01246,40.57662],[-74.01232,40.57566],[-74.01202,40.57489],[-74.01116,40.57417],[-74.01008,40.57384],[-74.0088,40.57377],[-74.00669,40.57341],[-74.0048,40.57289],[-74.00249,40.57175],[-74.00201,40.57022],[-74.00039,40.57052],[-73.99863,40.57052],[-73.99736,40.57029],[-73.99685,40.57038],[-73.99514,40.57032],[-73.99316,40.57039],[-73.98727,40.57108],[-73.98094,40.57169],[-73.97946,40.57175],[-73.97885,40.57189],[-73.97775,40.57169],[-73.97684,40.57196],[-73.97547,40.57198],[-73.9725,40.57258],[-73.97133,40.57265],[-73.97021,40.57286],[-73.96956,40.57282],[-73.96856,40.57313],[-73.9672,40.57333],[-73.96211,40.57372],[-73.96091,40.57387],[-73.95939,40.57392],[-73.95942,40.57519],[-73.96286,40.57499],[-73.96475,40.57482],[-73.96757,40.57489],[-73.96889,40.57527],[-73.96868,40.57564],[-73.96692,40.58336],[-73.96662,40.58458]]]}},{"type":"Feature","id":"BK1303","properties":{"name":"Brighton Beach","nta2020":"BK1303","borough":"Brooklyn","source":"NYC DCP NTA2020"},"geometry":{"type":"Polygon","coordinates":[[[-73.95942,40.57519],[-73.95939,40.57392],[-73.95844,40.5741],[-73.9544,40.57438],[-73.95401,40.57425],[-73.9524,40.57426],[-73.95243,40.57457],[-73.953,40.57748],[-73.95334,40.57928],[-73.95367,40.58097],[-73.95381,40.58176],[-73.95392,40.58188],[-73.95404,40.58252],[-73.95411,40.58293],[-73.95412,40.58299],[-73.95414,40.58311],[-73.95437,40.58309],[-73.95518,40.58292],[-73.95604,40.58274],[-73.95646,40.58267],[-73.95676,40.58284],[-73.95703,40.58304],[-73.95723,40.58315],[-73.95734,40.58303],[-73.95746,40.58302],[-73.95901,40.58286],[-73.95911,40.58286],[-73.95984,40.5832],[-73.96005,40.58328],[-73.96015,40.58358],[-73.96024,40.58475],[-73.96024,40.58484],[-73.96026,40.58504],[-73.96031,40.58504],[-73.96162,40.58489],[-73.96233,40.58481],[-73.96255,40.58479],[-73.96344,40.58467],[-73.96662,40.58458],[-73.96692,40.58336],[-73.96868,40.57564],[-73.96889,40.57527],[-73.96757,40.57489],[-73.96475,40.57482],[-73.96286,40.57499],[-73.95942,40.57519]]]}},{"type":"Feature","id":"BK1401","properties":{"name":"Flatbush","nta2020":"BK1401","borough":"Brooklyn","source":"NYC DCP NTA2020"},"geometry":{"type":"Polygon","coordinates":[[[-73.9563,40.65506],[-73.9597,40.65485],[-73.95986,40.65564],[-73.96188,40.65489],[-73.96621,40.6532],[-73.96466,40.6509],[-73.96302,40.65154],[-73.96219,40.6498],[-73.96491,40.64873],[-73.96454,40.64681],[-73.96547,40.64671],[-73.96501,40.64431],[-73.96409,40.64441],[-73.96319,40.63968],[-73.95938,40.64148],[-73.95685,40.62813],[-73.94733,40.62917],[-73.94416,40.62952],[-73.94648,40.63172],[-73.94562,40.63179],[-73.94587,40.63413],[-73.94777,40.63401],[-73.94827,40.63862],[-73.95116,40.63843],[-73.9536,40.63843],[-73.95413,40.63917],[-73.95473,40.64478],[-73.95565,40.64664],[-73.95811,40.64653],[-73.95826,40.64854],[-73.95871,40.6504],[-73.95583,40.65054],[-73.9563,40.65506]]]}},{"type":"Feature","id":"BK1402","properties":{"name":"Flatbush (West)-Ditmas Park-Parkville","nta2020":"BK1402","borough":"Brooklyn","source":"NYC DCP NTA2020"},"geometry":{"type":"Polygon","coordinates":[[[-73.95685,40.62813],[-73.95938,40.64148],[-73.96319,40.63968],[-73.96409,40.64441],[-73.96501,40.64431],[-73.96547,40.64671],[-73.96454,40.64681],[-73.96491,40.64873],[-73.96219,40.6498],[-73.96302,40.65154],[-73.96466,40.6509],[-73.96967,40.64891],[-73.9714,40.64827],[-73.96892,40.63977],[-73.96804,40.63666],[-73.97029,40.63641],[-73.96987,40.6342],[-73.97605,40.63128],[-73.97717,40.63075],[-73.97658,40.62758],[-73.97624,40.62598],[-73.97092,40.62658],[-73.97137,40.62894],[-73.96608,40.62955],[-73.96041,40.63017],[-73.95996,40.62779],[-73.95685,40.62813]]]}},{"type":"Feature","id":"BK1403","properties":{"name":"Midwood","nta2020":"BK1403","borough":"Brooklyn","source":"NYC DCP NTA2020"},"geometry":{"type":"Polygon","coordinates":[[[-73.95685,40.62813],[-73.95996,40.62779],[-73.96041,40.63017],[-73.96608,40.62955],[-73.96286,40.61256],[-73.96239,40.60999],[-73.95859,40.61041],[-73.9536,40.61096],[-73.95257,40.611],[-73.94979,40.61138],[-73.95027,40.61393],[-73.94743,40.61423],[-73.94574,40.61537],[-73.94652,40.6195],[-73.94452,40.61972],[-73.94543,40.6245],[-73.94642,40.62439],[-73.94733,40.62917],[-73.95685,40.62813]]]}},{"type":"Feature","id":"BK1501","properties":{"name":"Gravesend (East)-Homecrest","nta2020":"BK1501","borough":"Brooklyn","source":"NYC DCP NTA2020"},"geometry":{"type":"Polygon","coordinates":[[[-73.95859,40.61041],[-73.96239,40.60999],[-73.96286,40.61256],[-73.96478,40.61234],[-73.9643,40.60978],[-73.9674,40.60947],[-73.973,40.60882],[-73.9724,40.60566],[-73.97218,40.6042],[-73.97235,40.60336],[-73.97291,40.59932],[-73.97191,40.59943],[-73.97148,40.59718],[-73.98036,40.5962],[-73.97996,40.59408],[-73.98071,40.59401],[-73.9777,40.59219],[-73.97752,40.59115],[-73.97557,40.58996],[-73.96068,40.59161],[-73.96052,40.58946],[-73.96041,40.58804],[-73.96035,40.58731],[-73.9562,40.58777],[-73.95623,40.588],[-73.95639,40.58894],[-73.957,40.59201],[-73.95608,40.59211],[-73.95693,40.59662],[-73.95733,40.59874],[-73.95776,40.60099],[-73.95683,40.6011],[-73.95859,40.61041]]]}},{"type":"Feature","id":"BK1502","properties":{"name":"Madison","nta2020":"BK1502","borough":"Brooklyn","source":"NYC DCP NTA2020"},"geometry":{"type":"Polygon","coordinates":[[[-73.93754,40.60857],[-73.93935,40.6102],[-73.94231,40.60828],[-73.94355,40.60935],[-73.94483,40.61605],[-73.94574,40.61537],[-73.94743,40.61423],[-73.95027,40.61393],[-73.94979,40.61138],[-73.95257,40.611],[-73.9536,40.61096],[-73.95859,40.61041],[-73.95683,40.6011],[-73.95776,40.60099],[-73.95733,40.59874],[-73.95693,40.59662],[-73.956,40.59672],[-73.95545,40.59678],[-73.95508,40.59682],[-73.95411,40.59693],[-73.95315,40.59704],[-73.95221,40.59714],[-73.94249,40.59821],[-73.94289,40.60033],[-73.93447,40.60124],[-73.93503,40.60174],[-73.93426,40.60224],[-73.93973,40.60714],[-73.93754,40.60857]]]}},{"type":"Feature","id":"BK1503","properties":{"name":"Sheepshead Bay-Manhattan Beach-Gerritsen Beach","nta2020":"BK1503","borough":"Brooklyn","source":"NYC DCP NTA2020"},"geometry":{"type":"Polygon","coordinates":[[[-73.9276,40.59507],[-73.92957,40.59683],[-73.92813,40.59779],[-73.92992,40.59945],[-73.93355,40.6027],[-73.93426,40.60224],[-73.93503,40.60174],[-73.93447,40.60124],[-73.94289,40.60033],[-73.94249,40.59821],[-73.95221,40.59714],[-73.95315,40.59704],[-73.95411,40.59693],[-73.95508,40.59682],[-73.95545,40.59678],[-73.956,40.59672],[-73.95693,40.59662],[-73.95608,40.59211],[-73.957,40.59201],[-73.95639,40.58894],[-73.95623,40.588],[-73.9562,40.58777],[-73.9582,40.58755],[-73.95935,40.58743],[-73.95978,40.58738],[-73.96035,40.58731],[-73.96035,40.58613],[-73.96033,40.58582],[-73.96027,40.58516],[-73.96026,40.58504],[-73.96024,40.58484],[-73.96024,40.58475],[-73.96015,40.58358],[-73.96005,40.58328],[-73.95984,40.5832],[-73.95911,40.58286],[-73.95901,40.58286],[-73.95746,40.58302],[-73.95734,40.58303],[-73.95723,40.58315],[-73.95703,40.58304],[-73.95676,40.58284],[-73.95646,40.58267],[-73.95604,40.58274],[-73.95518,40.58292],[-73.95437,40.58309],[-73.95414,40.58311],[-73.95381,40.58176],[-73.95367,40.58097],[-73.95334,40.57928],[-73.953,40.57748],[-73.95243,40.57457],[-73.9524,40.57426],[-73.95211,40.57439],[-73.94992,40.57456],[-73.94897,40.57479],[-73.94593,40.57512],[-73.9459,40.57553],[-73.94475,40.57552],[-73.94451,40.57578],[-73.94329,40.57573],[-73.94251,40.57538],[-73.93685,40.57556],[-73.93647,40.57587],[-73.93508,40.57552],[-73.9315,40.57567],[-73.93106,40.57627],[-73.93182,40.57897],[-73.9325,40.58116],[-73.94274,40.581],[-73.9497,40.58233],[-73.9533,40.58201],[-73.95349,40.583],[-73.94837,40.5835],[-73.94629,40.58358],[-73.94369,40.58348],[-73.94158,40.58362],[-73.94144,40.58335],[-73.9393,40.58334],[-73.9381,40.58313],[-73.93708,40.58334],[-73.93528,40.58325],[-73.93421,40.58299],[-73.93255,40.58293],[-73.93186,40.58309],[-73.93204,40.58424],[-73.9301,40.58451],[-73.93019,40.58509],[-73.93127,40.58544],[-73.9314,40.58609],[-73.92722,40.58479],[-73.92583,40.58496],[-73.92628,40.58536],[-73.92745,40.58602],[-73.92816,40.58587],[-73.92808,40.58671],[-73.92858,40.58707],[-73.92909,40.5871],[-73.93053,40.58687],[-73.93128,40.5869],[-73.93135,40.58734],[-73.9297,40.58762],[-73.93109,40.58933],[-73.93143,40.59114],[-73.93125,40.59165],[-73.93157,40.59256],[-73.93283,40.59481],[-73.93102,40.59463],[-73.93002,40.5941],[-73.92971,40.59313],[-73.93031,40.5922],[-73.9305,40.5913],[-73.93054,40.59027],[-73.93004,40.58943],[-73.92896,40.58924],[-73.92816,40.58883],[-73.92589,40.59036],[-73.9242,40.59137],[-73.92395,40.59115],[-73.92776,40.58867],[-73.92684,40.5873],[-73.92521,40.58581],[-73.92482,40.58564],[-73.9237,40.58595],[-73.92235,40.58603],[-73.92212,40.58582],[-73.92101,40.58576],[-73.92082,40.58596],[-73.9196,40.58617],[-73.91917,40.58596],[-73.91819,40.58662],[-73.9276,40.59507]]]}},{"type":"Feature","id":"BK1601","properties":{"name":"Ocean Hill","nta2020":"BK1601","borough":"Brooklyn","source":"NYC DCP NTA2020"},"geometry":{"type":"Polygon","coordinates":[[[-73.90405,40.67923],[-73.91077,40.6831],[-73.91805,40.68722],[-73.91639,40.67891],[-73.9163,40.67859],[-73.92165,40.67888],[-73.92182,40.67703],[-73.92275,40.66711],[-73.9111,40.67219],[-73.90924,40.67296],[-73.90348,40.67551],[-73.90292,40.67569],[-73.90005,40.6769],[-73.90405,40.67923]]]}},{"type":"Feature","id":"BK1602","properties":{"name":"Brownsville","nta2020":"BK1602","borough":"Brooklyn","source":"NYC DCP NTA2020"},"geometry":{"type":"Polygon","coordinates":[[[-73.90085,40.66535],[-73.90167,40.66842],[-73.90229,40.67094],[-73.90266,40.67221],[-73.90348,40.67551],[-73.90924,40.67296],[-73.9111,40.67219],[-73.92275,40.66711],[-73.92425,40.66645],[-73.92439,40.66639],[-73.92418,40.66613],[-73.92166,40.66385],[-73.9191,40.66424],[-73.91819,40.66073],[-73.91237,40.65552],[-73.91012,40.65586],[-73.90934,40.65282],[-73.90856,40.6521],[-73.9074,40.65285],[-73.90784,40.6546],[-73.90318,40.65532],[-73.90119,40.65652],[-73.9003,40.65722],[-73.89879,40.65742],[-73.89965,40.66074],[-73.90066,40.66059],[-73.90145,40.66367],[-73.90043,40.66382],[-73.90085,40.66535]]]}},{"type":"Feature","id":"BK1701","properties":{"name":"East Flatbush-Erasmus","nta2020":"BK1701","borough":"Brooklyn","source":"NYC DCP NTA2020"},"geometry":{"type":"Polygon","coordinates":[[[-73.9424,40.65589],[-73.95007,40.65543],[-73.95016,40.65627],[-73.95639,40.65588],[-73.9563,40.65506],[-73.95583,40.65054],[-73.95871,40.6504],[-73.95826,40.64854],[-73.95811,40.64653],[-73.95565,40.64664],[-73.95473,40.64478],[-73.95413,40.63917],[-73.9536,40.63843],[-73.95116,40.63843],[-73.94827,40.63862],[-73.94841,40.64],[-73.94744,40.64006],[-73.94779,40.64331],[-73.94587,40.64343],[-73.94607,40.64532],[-73.94417,40.64544],[-73.94435,40.64709],[-73.94338,40.64712],[-73.94353,40.64859],[-73.94301,40.6486],[-73.94312,40.64932],[-73.94263,40.64935],[-73.94283,40.65112],[-73.94189,40.65118],[-73.9424,40.65589]]]}},{"type":"Feature","id":"BK1702","properties":{"name":"East Flatbush-Farragut","nta2020":"BK1702","borough":"Brooklyn","source":"NYC DCP NTA2020"},"geometry":{"type":"Polygon","coordinates":[[[-73.93738,40.64491],[-73.94261,40.64467],[-73.9428,40.64655],[-73.94331,40.64653],[-73.94338,40.64712],[-73.94435,40.64709],[-73.94417,40.64544],[-73.94607,40.64532],[-73.94587,40.64343],[-73.94779,40.64331],[-73.94744,40.64006],[-73.94841,40.64],[-73.94827,40.63862],[-73.94777,40.63401],[-73.94587,40.63413],[-73.94562,40.63179],[-73.93702,40.63232],[-73.93727,40.63466],[-73.92745,40.63527],[-73.92653,40.6365],[-73.92613,40.63775],[-73.92606,40.63853],[-73.92538,40.64239],[-73.9255,40.64238],[-73.92572,40.64468],[-73.93729,40.64397],[-73.93738,40.64491]]]}},{"type":"Feature","id":"BK1703","properties":{"name":"East Flatbush-Rugby","nta2020":"BK1703","borough":"Brooklyn","source":"NYC DCP NTA2020"},"geometry":{"type":"Polygon","coordinates":[[[-73.91995,40.64472],[-73.91998,40.64504],[-73.92019,40.64702],[-73.92036,40.64861],[-73.92078,40.65256],[-73.9209,40.65363],[-73.92541,40.65769],[-73.92464,40.65819],[-73.93069,40.66363],[-73.93161,40.66356],[-73.93133,40.6606],[-73.93423,40.66042],[-73.934,40.65813],[-73.93108,40.6583],[-73.9309,40.65662],[-73.9424,40.65589],[-73.94189,40.65118],[-73.94283,40.65112],[-73.94263,40.64935],[-73.93886,40.64958],[-73.93871,40.64853],[-73.93587,40.6487],[-73.933,40.64879],[-73.93262,40.64525],[-73.93358,40.64509],[-73.93738,40.64491],[-73.93729,40.64397],[-73.92572,40.64468],[-73.9255,40.64238],[-73.92538,40.64239],[-73.92357,40.64251],[-73.9233,40.63993],[-73.91974,40.64279],[-73.91991,40.64434],[-73.91995,40.64472]]]}},{"type":"Feature","id":"BK1704","properties":{"name":"East Flatbush-Remsen Village","nta2020":"BK1704","borough":"Brooklyn","source":"NYC DCP NTA2020"},"geometry":{"type":"Polygon","coordinates":[[[-73.90856,40.6521],[-73.90934,40.65282],[-73.91012,40.65586],[-73.91237,40.65552],[-73.91819,40.66073],[-73.9191,40.66424],[-73.92166,40.66385],[-73.92418,40.66613],[-73.92439,40.66639],[-73.92872,40.6645],[-73.93069,40.66363],[-73.92464,40.65819],[-73.92541,40.65769],[-73.9209,40.65363],[-73.92078,40.65256],[-73.92036,40.64861],[-73.92019,40.64702],[-73.91998,40.64504],[-73.91995,40.64472],[-73.91982,40.64479],[-73.91943,40.64507],[-73.9183,40.64582],[-73.90945,40.65153],[-73.90856,40.6521]]]}},{"type":"Feature","id":"BK1801","properties":{"name":"Flatlands","nta2020":"BK1801","borough":"Brooklyn","source":"NYC DCP NTA2020"},"geometry":{"type":"Polygon","coordinates":[[[-73.9186,40.63208],[-73.91863,40.63236],[-73.91876,40.63365],[-73.91885,40.63449],[-73.91901,40.6359],[-73.91917,40.63748],[-73.91929,40.6386],[-73.91942,40.63983],[-73.91946,40.64018],[-73.91946,40.64025],[-73.91947,40.64029],[-73.91954,40.64087],[-73.91956,40.64119],[-73.91958,40.6414],[-73.91974,40.64279],[-73.9233,40.63993],[-73.92357,40.64251],[-73.92538,40.64239],[-73.92606,40.63853],[-73.92613,40.63775],[-73.92653,40.6365],[-73.92745,40.63527],[-73.93727,40.63466],[-73.93702,40.63232],[-73.94562,40.63179],[-73.94648,40.63172],[-73.94416,40.62952],[-73.94733,40.62917],[-73.94642,40.62439],[-73.94543,40.6245],[-73.94452,40.61972],[-73.94652,40.6195],[-73.94574,40.61537],[-73.94483,40.61605],[-73.94347,40.61739],[-73.94079,40.61771],[-73.93687,40.62026],[-73.93321,40.61698],[-73.93173,40.61794],[-73.92776,40.61438],[-73.9263,40.6132],[-73.9264,40.61449],[-73.92063,40.61485],[-73.92053,40.61395],[-73.9169,40.61628],[-73.9186,40.63208]]]}},{"type":"Feature","id":"BK1802","properties":{"name":"Marine Park-Mill Basin-Bergen Beach","nta2020":"BK1802","borough":"Brooklyn","source":"NYC DCP NTA2020"},"geometry":{"type":"Polygon","coordinates":[[[-73.93754,40.60857],[-73.93605,40.60952],[-73.93423,40.60791],[-73.93351,40.60835],[-73.92987,40.60508],[-73.92625,40.60742],[-73.92444,40.6058],[-73.92159,40.60765],[-73.92066,40.60676],[-73.91971,40.60731],[-73.91853,40.60612],[-73.91795,40.60622],[-73.91924,40.60739],[-73.91951,40.60798],[-73.91802,40.60887],[-73.91773,40.60977],[-73.91805,40.61028],[-73.91573,40.61184],[-73.91663,40.61345],[-73.91434,40.61495],[-73.91386,40.61465],[-73.91494,40.61397],[-73.9145,40.61166],[-73.91492,40.61127],[-73.91617,40.61052],[-73.91679,40.60878],[-73.91632,40.60868],[-73.91672,40.60763],[-73.91674,40.60682],[-73.91384,40.60417],[-73.91353,40.60394],[-73.91092,40.60351],[-73.90833,40.60408],[-73.90886,40.60507],[-73.90978,40.60583],[-73.90985,40.60618],[-73.90934,40.60649],[-73.90845,40.60662],[-73.9081,40.60629],[-73.90598,40.60639],[-73.90561,40.60591],[-73.90521,40.60492],[-73.9019,40.60574],[-73.90168,40.6061],[-73.90187,40.60724],[-73.90196,40.60863],[-73.90215,40.60905],[-73.90222,40.61035],[-73.90429,40.61203],[-73.90422,40.61236],[-73.90536,40.61305],[-73.90669,40.61433],[-73.90778,40.61525],[-73.90901,40.61578],[-73.90965,40.61658],[-73.90896,40.617],[-73.90884,40.61732],[-73.90724,40.61656],[-73.90697,40.61607],[-73.90419,40.61357],[-73.90347,40.61399],[-73.90213,40.61279],[-73.89856,40.61516],[-73.89854,40.61627],[-73.8981,40.61705],[-73.90013,40.61895],[-73.90199,40.62057],[-73.90016,40.62169],[-73.90064,40.62178],[-73.90085,40.62248],[-73.90187,40.62297],[-73.90221,40.62358],[-73.9028,40.62357],[-73.90269,40.62422],[-73.90313,40.62461],[-73.90396,40.62484],[-73.90918,40.62721],[-73.91659,40.63046],[-73.91751,40.63135],[-73.9172,40.63175],[-73.9186,40.63208],[-73.9169,40.61628],[-73.92053,40.61395],[-73.92063,40.61485],[-73.9264,40.61449],[-73.9263,40.6132],[-73.92776,40.61438],[-73.93173,40.61794],[-73.93321,40.61698],[-73.93687,40.62026],[-73.94079,40.61771],[-73.94347,40.61739],[-73.94483,40.61605],[-73.94355,40.60935],[-73.94231,40.60828],[-73.93935,40.6102],[-73.93754,40.60857]]]}},{"type":"Feature","id":"BK1803","properties":{"name":"Canarsie","nta2020":"BK1803","borough":"Brooklyn","source":"NYC DCP NTA2020"},"geometry":{"type":"Polygon","coordinates":[[[-73.89122,40.65],[-73.89001,40.65116],[-73.89004,40.65119],[-73.89137,40.65237],[-73.89157,40.65259],[-73.89176,40.65281],[-73.89195,40.65303],[-73.89213,40.65326],[-73.8923,40.65349],[-73.89246,40.65372],[-73.89355,40.65521],[-73.89441,40.65484],[-73.89521,40.6545],[-73.89595,40.65418],[-73.89678,40.65382],[-73.89741,40.65355],[-73.89761,40.65346],[-73.89746,40.65333],[-73.89684,40.65277],[-73.89655,40.65251],[-73.89611,40.65211],[-73.89586,40.65189],[-73.89622,40.65166],[-73.89662,40.6514],[-73.89721,40.651],[-73.89798,40.6505],[-73.89873,40.65003],[-73.89947,40.64955],[-73.90075,40.64874],[-73.90398,40.64664],[-73.90828,40.65051],[-73.90849,40.65059],[-73.90869,40.65073],[-73.90945,40.65153],[-73.91023,40.65102],[-73.9111,40.65046],[-73.9155,40.64761],[-73.9183,40.64582],[-73.91943,40.64507],[-73.91982,40.64479],[-73.91995,40.64472],[-73.91991,40.64434],[-73.91974,40.64279],[-73.91958,40.6414],[-73.91956,40.64119],[-73.91954,40.64087],[-73.91947,40.64029],[-73.91946,40.64025],[-73.91946,40.64018],[-73.91942,40.63983],[-73.91929,40.6386],[-73.91917,40.63748],[-73.91901,40.6359],[-73.91885,40.63449],[-73.9186,40.63208],[-73.9172,40.63175],[-73.91625,40.63208],[-73.91446,40.631],[-73.90912,40.62856],[-73.90825,40.62826],[-73.90413,40.62631],[-73.90371,40.62623],[-73.90146,40.62524],[-73.90012,40.62702],[-73.89941,40.62755],[-73.89277,40.63182],[-73.89082,40.63086],[-73.89227,40.62912],[-73.8921,40.62867],[-73.89011,40.62898],[-73.88891,40.62992],[-73.88748,40.63013],[-73.88453,40.63204],[-73.88289,40.63344],[-73.88407,40.63446],[-73.88595,40.63624],[-73.88077,40.63959],[-73.88079,40.63977],[-73.8819,40.64084],[-73.88374,40.64246],[-73.88463,40.6431],[-73.88603,40.64367],[-73.8881,40.64622],[-73.8881,40.64665],[-73.8885,40.64667],[-73.88854,40.64698],[-73.88864,40.64709],[-73.88945,40.64718],[-73.89108,40.6488],[-73.89081,40.64937],[-73.89122,40.65]]]}},{"type":"Feature","id":"BX0101","properties":{"name":"Mott Haven-Port Morris","nta2020":"BX0101","borough":"Bronx","source":"NYC DCP NTA2020"},"geometry":{"type":"Polygon","coordinates":[[[-73.90447,40.81229],[-73.91095,40.81363],[-73.91496,40.81494],[-73.91765,40.81607],[-73.92048,40.81457],[-73.92131,40.81549],[-73.92125,40.81623],[-73.92309,40.81671],[-73.924,40.81545],[-73.92663,40.81613],[-73.92622,40.81677],[-73.92519,40.81802],[-73.92732,40.81857],[-73.92822,40.81654],[-73.92886,40.81489],[-73.93028,40.81326],[-73.93215,40.81413],[-73.93242,40.81416],[-73.93263,40.81191],[-73.93257,40.81089],[-73.93288,40.81042],[-73.9326,40.81006],[-73.93264,40.80939],[-73.93228,40.80837],[-73.93116,40.80714],[-73.93052,40.8066],[-73.92873,40.80411],[-73.92765,40.804],[-73.92728,40.80352],[-73.92763,40.8027],[-73.92666,40.80242],[-73.92423,40.80255],[-73.92293,40.80238],[-73.92204,40.80189],[-73.92133,40.80129],[-73.92078,40.80028],[-73.92024,40.79962],[-73.91881,40.79889],[-73.91617,40.79784],[-73.91372,40.7968],[-73.91169,40.79663],[-73.9111,40.7969],[-73.9083,40.79897],[-73.90825,40.79942],[-73.9074,40.80011],[-73.90621,40.8015],[-73.90552,40.80203],[-73.90453,40.80318],[-73.90368,40.8038],[-73.90321,40.80391],[-73.90252,40.80447],[-73.90222,40.80496],[-73.90309,40.80986],[-73.90342,40.81152],[-73.90447,40.81229]]]}},{"type":"Feature","id":"BX0102","properties":{"name":"Melrose","nta2020":"BX0102","borough":"Bronx","source":"NYC DCP NTA2020"},"geometry":{"type":"Polygon","coordinates":[[[-73.90129,40.82048],[-73.90566,40.82156],[-73.90991,40.82256],[-73.91182,40.82204],[-73.91189,40.82215],[-73.91622,40.82348],[-73.91588,40.82411],[-73.91678,40.8244],[-73.92195,40.82104],[-73.92403,40.81929],[-73.92519,40.81802],[-73.92622,40.81677],[-73.92663,40.81613],[-73.924,40.81545],[-73.92309,40.81671],[-73.92125,40.81623],[-73.92131,40.81549],[-73.92048,40.81457],[-73.91765,40.81607],[-73.91496,40.81494],[-73.91095,40.81363],[-73.90447,40.81229],[-73.90301,40.81633],[-73.90129,40.82048]]]}},{"type":"Feature","id":"BX0201","properties":{"name":"Hunts Point","nta2020":"BX0201","borough":"Bronx","source":"NYC DCP NTA2020"},"geometry":{"type":"Polygon","coordinates":[[[-73.88098,40.81824],[-73.88245,40.81928],[-73.88379,40.82194],[-73.88439,40.82296],[-73.8872,40.8226],[-73.88773,40.82239],[-73.89011,40.8209],[-73.89083,40.82031],[-73.89162,40.82102],[-73.8929,40.82082],[-73.89705,40.81681],[-73.89543,40.81585],[-73.89733,40.814],[-73.90156,40.8109],[-73.90309,40.80986],[-73.90222,40.80496],[-73.90205,40.80479],[-73.90097,40.80488],[-73.89853,40.80544],[-73.89813,40.80565],[-73.8983,40.80611],[-73.89731,40.80609],[-73.8962,40.80625],[-73.8951,40.80687],[-73.89463,40.80624],[-73.89198,40.80639],[-73.8915,40.80594],[-73.89006,40.80571],[-73.88955,40.80582],[-73.88907,40.80503],[-73.88859,40.8048],[-73.88796,40.80501],[-73.88725,40.80419],[-73.88727,40.80396],[-73.88617,40.80318],[-73.88592,40.80281],[-73.88505,40.80214],[-73.88399,40.80191],[-73.8837,40.80217],[-73.88107,40.80254],[-73.88006,40.80277],[-73.87921,40.8028],[-73.87817,40.80256],[-73.87797,40.80172],[-73.87814,40.80133],[-73.87593,40.80109],[-73.87586,40.80146],[-73.87473,40.80126],[-73.87468,40.80099],[-73.87355,40.80086],[-73.87175,40.80156],[-73.86846,40.80594],[-73.86811,40.80676],[-73.87055,40.81125],[-73.87057,40.8121],[-73.87096,40.81215],[-73.87166,40.81326],[-73.8725,40.8139],[-73.87447,40.81465],[-73.87673,40.81539],[-73.87664,40.81572],[-73.87806,40.81619],[-73.88098,40.81824]]]}},{"type":"Feature","id":"BX0202","properties":{"name":"Longwood","nta2020":"BX0202","borough":"Bronx","source":"NYC DCP NTA2020"},"geometry":{"type":"Polygon","coordinates":[[[-73.88773,40.82239],[-73.88707,40.8232],[-73.88646,40.82529],[-73.8861,40.82766],[-73.8879,40.82675],[-73.88998,40.82682],[-73.89293,40.8268],[-73.89484,40.82626],[-73.89515,40.82784],[-73.89549,40.82826],[-73.8998,40.82769],[-73.90094,40.82794],[-73.90165,40.82627],[-73.90051,40.82602],[-73.90199,40.82245],[-73.90061,40.82212],[-73.90129,40.82048],[-73.90301,40.81633],[-73.90447,40.81229],[-73.90342,40.81152],[-73.90309,40.80986],[-73.90156,40.8109],[-73.89733,40.814],[-73.89543,40.81585],[-73.89705,40.81681],[-73.8929,40.82082],[-73.89162,40.82102],[-73.89083,40.82031],[-73.89011,40.8209],[-73.88773,40.82239]]]}},{"type":"Feature","id":"BX0301","properties":{"name":"Morrisania","nta2020":"BX0301","borough":"Bronx","source":"NYC DCP NTA2020"},"geometry":{"type":"Polygon","coordinates":[[[-73.89697,40.83435],[-73.90122,40.83542],[-73.90123,40.83551],[-73.90134,40.83545],[-73.90344,40.83222],[-73.90553,40.82911],[-73.90896,40.83023],[-73.91031,40.82878],[-73.9117,40.82777],[-73.9118,40.82644],[-73.91131,40.82486],[-73.91317,40.82546],[-73.91351,40.82481],[-73.91475,40.82521],[-73.91541,40.82578],[-73.91662,40.825],[-73.91678,40.8244],[-73.91588,40.82411],[-73.91622,40.82348],[-73.91189,40.82215],[-73.91182,40.82204],[-73.90991,40.82256],[-73.90566,40.82156],[-73.90129,40.82048],[-73.90061,40.82212],[-73.90199,40.82245],[-73.90051,40.82602],[-73.90165,40.82627],[-73.90094,40.82794],[-73.8998,40.82769],[-73.89549,40.82826],[-73.8964,40.82877],[-73.8969,40.83104],[-73.8963,40.83355],[-73.89697,40.83435]]]}},{"type":"Feature","id":"BX0302","properties":{"name":"Claremont Village-Claremont (East)","nta2020":"BX0302","borough":"Bronx","source":"NYC DCP NTA2020"},"geometry":{"type":"Polygon","coordinates":[[[-73.90132,40.84448],[-73.90483,40.84485],[-73.90484,40.84476],[-73.90502,40.84241],[-73.90516,40.84102],[-73.90571,40.83973],[-73.90598,40.83851],[-73.9074,40.83624],[-73.90869,40.83395],[-73.91049,40.83075],[-73.90896,40.83023],[-73.90553,40.82911],[-73.90344,40.83222],[-73.90134,40.83545],[-73.90123,40.83551],[-73.90057,40.8366],[-73.89666,40.84353],[-73.89538,40.84295],[-73.89479,40.84373],[-73.90132,40.84448]]]}},{"type":"Feature","id":"BX0303","properties":{"name":"Crotona Park East","nta2020":"BX0303","borough":"Bronx","source":"NYC DCP NTA2020"},"geometry":{"type":"Polygon","coordinates":[[[-73.88005,40.83471],[-73.88223,40.83546],[-73.88206,40.83614],[-73.88201,40.83745],[-73.88271,40.83863],[-73.88418,40.83934],[-73.88465,40.83918],[-73.88619,40.84011],[-73.8866,40.83929],[-73.8873,40.83814],[-73.88841,40.83856],[-73.88874,40.83798],[-73.89058,40.83691],[-73.8911,40.83674],[-73.89338,40.83655],[-73.8943,40.83619],[-73.89583,40.83489],[-73.89697,40.83435],[-73.8963,40.83355],[-73.8969,40.83104],[-73.8964,40.82877],[-73.89549,40.82826],[-73.89515,40.82784],[-73.89484,40.82626],[-73.89293,40.8268],[-73.88998,40.82682],[-73.8879,40.82675],[-73.8861,40.82766],[-73.88646,40.82529],[-73.88707,40.8232],[-73.88773,40.82239],[-73.8872,40.8226],[-73.88439,40.82296],[-73.88465,40.82382],[-73.88461,40.82528],[-73.88439,40.82683],[-73.88379,40.82828],[-73.88352,40.82927],[-73.8839,40.82981],[-73.88005,40.83471]]]}},{"type":"Feature","id":"BX0401","properties":{"name":"Concourse-Concourse Village","nta2020":"BX0401","borough":"Bronx","source":"NYC DCP NTA2020"},"geometry":{"type":"Polygon","coordinates":[[[-73.90869,40.83395],[-73.91034,40.83444],[-73.91379,40.83561],[-73.91587,40.8364],[-73.91648,40.83579],[-73.92048,40.83715],[-73.92237,40.83612],[-73.92317,40.83457],[-73.92222,40.83417],[-73.92497,40.82953],[-73.92715,40.82573],[-73.92976,40.82659],[-73.93069,40.82707],[-73.93096,40.82835],[-73.93307,40.82816],[-73.93278,40.82562],[-73.93247,40.82159],[-73.93234,40.81764],[-73.93242,40.81416],[-73.93215,40.81413],[-73.93028,40.81326],[-73.92886,40.81489],[-73.92822,40.81654],[-73.92732,40.81857],[-73.92519,40.81802],[-73.92403,40.81929],[-73.92195,40.82104],[-73.91678,40.8244],[-73.91662,40.825],[-73.91541,40.82578],[-73.91475,40.82521],[-73.91351,40.82481],[-73.91317,40.82546],[-73.91131,40.82486],[-73.9118,40.82644],[-73.9117,40.82777],[-73.91031,40.82878],[-73.90896,40.83023],[-73.91049,40.83075],[-73.90869,40.83395]]]}},{"type":"Feature","id":"BX0402","properties":{"name":"Highbridge","nta2020":"BX0402","borough":"Bronx","source":"NYC DCP NTA2020"},"geometry":{"type":"Polygon","coordinates":[[[-73.92286,40.84427],[-73.92393,40.8448],[-73.92593,40.84496],[-73.92805,40.84547],[-73.92862,40.84469],[-73.92919,40.84321],[-73.9292,40.84283],[-73.93037,40.84063],[-73.93052,40.83994],[-73.93187,40.83765],[-73.93266,40.83648],[-73.933,40.83569],[-73.93361,40.8328],[-73.93348,40.83123],[-73.93307,40.82816],[-73.93096,40.82835],[-73.92917,40.82895],[-73.92781,40.82993],[-73.92538,40.83264],[-73.92403,40.83507],[-73.92237,40.83612],[-73.92225,40.83786],[-73.92154,40.83907],[-73.92132,40.83982],[-73.92146,40.8403],[-73.92244,40.84183],[-73.92282,40.84276],[-73.92286,40.84427]]]}},{"type":"Feature","id":"BX0403","properties":{"name":"Mount Eden-Claremont (West)","nta2020":"BX0403","borough":"Bronx","source":"NYC DCP NTA2020"},"geometry":{"type":"Polygon","coordinates":[[[-73.90484,40.84476],[-73.91085,40.8451],[-73.91419,40.84514],[-73.91733,40.84507],[-73.92265,40.84475],[-73.92286,40.84427],[-73.92282,40.84276],[-73.92244,40.84183],[-73.92146,40.8403],[-73.92132,40.83982],[-73.92154,40.83907],[-73.92225,40.83786],[-73.92237,40.83612],[-73.92048,40.83715],[-73.91648,40.83579],[-73.91587,40.8364],[-73.91379,40.83561],[-73.91034,40.83444],[-73.90869,40.83395],[-73.9074,40.83624],[-73.90598,40.83851],[-73.90571,40.83973],[-73.90672,40.83836],[-73.90785,40.83731],[-73.90916,40.83697],[-73.90932,40.83734],[-73.90891,40.83838],[-73.90899,40.8397],[-73.90963,40.84212],[-73.90954,40.84307],[-73.90863,40.84303],[-73.90866,40.84273],[-73.90596,40.84264],[-73.90502,40.84241],[-73.90484,40.84476]]]}},{"type":"Feature","id":"BX0501","properties":{"name":"University Heights (South)-Morris Heights","nta2020":"BX0501","borough":"Bronx","source":"NYC DCP NTA2020"},"geometry":{"type":"Polygon","coordinates":[[[-73.90487,40.8587],[-73.9068,40.85938],[-73.90778,40.85962],[-73.90967,40.85749],[-73.91021,40.8583],[-73.91089,40.85878],[-73.91329,40.85963],[-73.91543,40.85874],[-73.91616,40.85879],[-73.91721,40.85685],[-73.91891,40.85727],[-73.91903,40.8574],[-73.91957,40.85685],[-73.92256,40.8532],[-73.92395,40.85123],[-73.92466,40.84979],[-73.92805,40.84547],[-73.92593,40.84496],[-73.92393,40.8448],[-73.92286,40.84427],[-73.92265,40.84475],[-73.91733,40.84507],[-73.91419,40.84514],[-73.91058,40.85019],[-73.90922,40.85181],[-73.90733,40.85382],[-73.90557,40.8558],[-73.90469,40.85707],[-73.90566,40.85741],[-73.90487,40.8587]]]}},{"type":"Feature","id":"BX0502","properties":{"name":"Mount Hope","nta2020":"BX0502","borough":"Bronx","source":"NYC DCP NTA2020"},"geometry":{"type":"Polygon","coordinates":[[[-73.89644,40.85492],[-73.8971,40.85518],[-73.89831,40.85407],[-73.89817,40.85515],[-73.90078,40.85606],[-73.90186,40.85459],[-73.90397,40.85497],[-73.90557,40.8558],[-73.90733,40.85382],[-73.90922,40.85181],[-73.91058,40.85019],[-73.91419,40.84514],[-73.91085,40.8451],[-73.90484,40.84476],[-73.90483,40.84485],[-73.90132,40.84448],[-73.89967,40.84745],[-73.89561,40.85458],[-73.89644,40.85492]]]}},{"type":"Feature","id":"BX0503","properties":{"name":"Fordham Heights","nta2020":"BX0503","borough":"Bronx","source":"NYC DCP NTA2020"},"geometry":{"type":"Polygon","coordinates":[[[-73.89177,40.86188],[-73.89285,40.86184],[-73.89483,40.86207],[-73.89694,40.86245],[-73.89798,40.86241],[-73.89944,40.86213],[-73.90108,40.86276],[-73.90212,40.86134],[-73.90255,40.86059],[-73.90352,40.86093],[-73.90487,40.8587],[-73.90566,40.85741],[-73.90469,40.85707],[-73.90557,40.8558],[-73.90397,40.85497],[-73.90186,40.85459],[-73.90078,40.85606],[-73.89817,40.85515],[-73.89831,40.85407],[-73.8971,40.85518],[-73.89644,40.85492],[-73.89322,40.85988],[-73.89138,40.86171],[-73.89177,40.86188]]]}},{"type":"Feature","id":"BX0601","properties":{"name":"West Farms","nta2020":"BX0601","borough":"Bronx","source":"NYC DCP NTA2020"},"geometry":{"type":"Polygon","coordinates":[[[-73.87284,40.83976],[-73.8736,40.83981],[-73.87223,40.84165],[-73.871,40.84312],[-73.86889,40.84442],[-73.86804,40.84482],[-73.86864,40.84532],[-73.86866,40.84627],[-73.86893,40.84689],[-73.86836,40.84709],[-73.86786,40.84887],[-73.86921,40.84925],[-73.86953,40.8487],[-73.86942,40.84752],[-73.86988,40.84663],[-73.87034,40.84656],[-73.87094,40.846],[-73.8711,40.84493],[-73.8718,40.84456],[-73.87211,40.84371],[-73.87311,40.84326],[-73.87402,40.84255],[-73.87459,40.84153],[-73.8768,40.84231],[-73.87818,40.84263],[-73.87734,40.844],[-73.8792,40.84533],[-73.88285,40.84783],[-73.88312,40.84823],[-73.88341,40.84738],[-73.88479,40.84564],[-73.8852,40.84499],[-73.88619,40.84011],[-73.88465,40.83918],[-73.88418,40.83934],[-73.88271,40.83863],[-73.88201,40.83745],[-73.88206,40.83614],[-73.88223,40.83546],[-73.88005,40.83471],[-73.87925,40.83443],[-73.87783,40.83566],[-73.87673,40.83621],[-73.87393,40.836],[-73.87323,40.83816],[-73.87284,40.83976]]]}},{"type":"Feature","id":"BX0602","properties":{"name":"Tremont","nta2020":"BX0602","borough":"Bronx","source":"NYC DCP NTA2020"},"geometry":{"type":"Polygon","coordinates":[[[-73.88312,40.84823],[-73.88323,40.84835],[-73.88736,40.85088],[-73.88824,40.85104],[-73.88997,40.85211],[-73.88961,40.85363],[-73.89039,40.8547],[-73.89217,40.85278],[-73.89421,40.85386],[-73.894,40.85426],[-73.89535,40.8547],[-73.89561,40.85458],[-73.89967,40.84745],[-73.90132,40.84448],[-73.89479,40.84373],[-73.89538,40.84295],[-73.88942,40.83943],[-73.88869,40.83917],[-73.88814,40.83987],[-73.8866,40.83929],[-73.88619,40.84011],[-73.8852,40.84499],[-73.88479,40.84564],[-73.88341,40.84738],[-73.88312,40.84823]]]}},{"type":"Feature","id":"BX0603","properties":{"name":"Belmont","nta2020":"BX0603","borough":"Bronx","source":"NYC DCP NTA2020"},"geometry":{"type":"Polygon","coordinates":[[[-73.8831,40.86661],[-73.88363,40.86727],[-73.88683,40.8654],[-73.88812,40.86426],[-73.8889,40.86476],[-73.89016,40.86348],[-73.89177,40.86188],[-73.89138,40.86171],[-73.89322,40.85988],[-73.89644,40.85492],[-73.89561,40.85458],[-73.89535,40.8547],[-73.894,40.85426],[-73.89421,40.85386],[-73.89217,40.85278],[-73.89039,40.8547],[-73.88961,40.85363],[-73.88997,40.85211],[-73.88824,40.85104],[-73.88736,40.85088],[-73.88323,40.84835],[-73.88312,40.84823],[-73.88073,40.85668],[-73.88101,40.85828],[-73.88061,40.86037],[-73.88059,40.86089],[-73.88095,40.86135],[-73.88201,40.86206],[-73.8838,40.86418],[-73.88398,40.86469],[-73.88385,40.86521],[-73.88268,40.8661],[-73.8831,40.86661]]]}},{"type":"Feature","id":"BX0701","properties":{"name":"University Heights (North)-Fordham","nta2020":"BX0701","borough":"Bronx","source":"NYC DCP NTA2020"},"geometry":{"type":"Polygon","coordinates":[[[-73.90615,40.87327],[-73.90747,40.87356],[-73.90774,40.87285],[-73.90847,40.87263],[-73.90893,40.87217],[-73.90865,40.87139],[-73.90894,40.87103],[-73.9095,40.86884],[-73.91037,40.86668],[-73.91091,40.86595],[-73.91268,40.86403],[-73.91227,40.86364],[-73.91276,40.86304],[-73.91342,40.86338],[-73.91462,40.8621],[-73.91581,40.86048],[-73.91721,40.85894],[-73.91776,40.85872],[-73.91903,40.8574],[-73.91891,40.85727],[-73.91721,40.85685],[-73.91616,40.85879],[-73.91543,40.85874],[-73.91329,40.85963],[-73.91089,40.85878],[-73.91021,40.8583],[-73.90967,40.85749],[-73.90778,40.85962],[-73.9068,40.85938],[-73.90487,40.8587],[-73.90352,40.86093],[-73.90255,40.86059],[-73.90212,40.86134],[-73.90108,40.86276],[-73.89944,40.86213],[-73.89798,40.86241],[-73.89694,40.86245],[-73.89483,40.86207],[-73.89285,40.86184],[-73.89177,40.86188],[-73.89016,40.86348],[-73.89276,40.86503],[-73.89347,40.86539],[-73.89412,40.86595],[-73.89631,40.86705],[-73.8974,40.86748],[-73.89656,40.86857],[-73.89892,40.86967],[-73.89965,40.86856],[-73.89943,40.86789],[-73.9014,40.86837],[-73.90236,40.8687],[-73.90375,40.8696],[-73.90449,40.87059],[-73.90444,40.87225],[-73.90468,40.87263],[-73.90615,40.87327]]]}},{"type":"Feature","id":"BX0702","properties":{"name":"Bedford Park","nta2020":"BX0702","borough":"Bronx","source":"NYC DCP NTA2020"},"geometry":{"type":"Polygon","coordinates":[[[-73.88713,40.88282],[-73.88797,40.88291],[-73.89163,40.88235],[-73.89275,40.88271],[-73.89433,40.88302],[-73.89553,40.88246],[-73.89638,40.88183],[-73.89669,40.88016],[-73.89717,40.87933],[-73.89827,40.87829],[-73.89905,40.87712],[-73.89981,40.87641],[-73.90043,40.87499],[-73.9003,40.87448],[-73.89986,40.87421],[-73.89901,40.87412],[-73.89837,40.87367],[-73.89793,40.87255],[-73.89779,40.87086],[-73.89892,40.86967],[-73.89656,40.86857],[-73.8974,40.86748],[-73.89631,40.86705],[-73.89412,40.86595],[-73.89347,40.86539],[-73.89276,40.86503],[-73.89016,40.86348],[-73.8889,40.86476],[-73.88812,40.86426],[-73.88683,40.8654],[-73.88363,40.86727],[-73.88147,40.86858],[-73.88256,40.87247],[-73.88319,40.8734],[-73.8834,40.87395],[-73.88346,40.87606],[-73.88528,40.87923],[-73.88568,40.87888],[-73.88595,40.88052],[-73.88707,40.88249],[-73.88713,40.88282]]]}},{"type":"Feature","id":"BX0703","properties":{"name":"Norwood","nta2020":"BX0703","borough":"Bronx","source":"NYC DCP NTA2020"},"geometry":{"type":"Polygon","coordinates":[[[-73.87084,40.88046],[-73.87192,40.88025],[-73.87479,40.88008],[-73.8747,40.88156],[-73.87813,40.88216],[-73.87773,40.88346],[-73.87761,40.88453],[-73.87783,40.88678],[-73.87815,40.88688],[-73.87996,40.8844],[-73.88125,40.88272],[-73.88275,40.88341],[-73.88351,40.88319],[-73.88422,40.88321],[-73.88663,40.88428],[-73.88705,40.88436],[-73.88713,40.88282],[-73.88707,40.88249],[-73.88595,40.88052],[-73.88568,40.87888],[-73.88528,40.87923],[-73.88346,40.87606],[-73.8834,40.87395],[-73.88319,40.8734],[-73.88256,40.87247],[-73.88147,40.86858],[-73.88363,40.86727],[-73.8831,40.86661],[-73.88134,40.8676],[-73.87694,40.86996],[-73.87619,40.87049],[-73.87519,40.87158],[-73.87255,40.87518],[-73.87161,40.87693],[-73.87095,40.87852],[-73.87015,40.88036],[-73.87084,40.88046]]]}},{"type":"Feature","id":"BX0801","properties":{"name":"Kingsbridge Heights-Van Cortlandt Village","nta2020":"BX0801","borough":"Bronx","source":"NYC DCP NTA2020"},"geometry":{"type":"Polygon","coordinates":[[[-73.88705,40.88436],[-73.88759,40.88426],[-73.89454,40.8856],[-73.89668,40.88597],[-73.8986,40.88441],[-73.90156,40.88099],[-73.90377,40.87854],[-73.90453,40.87707],[-73.90615,40.87327],[-73.90468,40.87263],[-73.90444,40.87225],[-73.90449,40.87059],[-73.90375,40.8696],[-73.90236,40.8687],[-73.9014,40.86837],[-73.89943,40.86789],[-73.89965,40.86856],[-73.89892,40.86967],[-73.89779,40.87086],[-73.89793,40.87255],[-73.89837,40.87367],[-73.89901,40.87412],[-73.89986,40.87421],[-73.9003,40.87448],[-73.90043,40.87499],[-73.89981,40.87641],[-73.89905,40.87712],[-73.89827,40.87829],[-73.89717,40.87933],[-73.89669,40.88016],[-73.89638,40.88183],[-73.89553,40.88246],[-73.89433,40.88302],[-73.89275,40.88271],[-73.89163,40.88235],[-73.88797,40.88291],[-73.88713,40.88282],[-73.88705,40.88436]]]}},{"type":"Feature","id":"BX0802","properties":{"name":"Kingsbridge-Marble Hill","nta2020":"BX0802","borough":"Bronx","source":"NYC DCP NTA2020"},"geometry":{"type":"Polygon","coordinates":[[[-73.89668,40.88597],[-73.89991,40.88657],[-73.89792,40.89055],[-73.89854,40.8904],[-73.89965,40.88981],[-73.9007,40.889],[-73.90286,40.88917],[-73.90318,40.88848],[-73.90414,40.88709],[-73.90681,40.88485],[-73.90759,40.8844],[-73.90796,40.88334],[-73.90939,40.88146],[-73.91053,40.88049],[-73.91034,40.88006],[-73.90968,40.87952],[-73.91033,40.87905],[-73.91149,40.87903],[-73.91206,40.87813],[-73.91485,40.87668],[-73.91579,40.87573],[-73.91167,40.8745],[-73.91081,40.87409],[-73.9096,40.8731],[-73.90893,40.87217],[-73.90847,40.87263],[-73.90774,40.87285],[-73.90747,40.87356],[-73.90615,40.87327],[-73.90453,40.87707],[-73.90377,40.87854],[-73.90156,40.88099],[-73.8986,40.88441],[-73.89668,40.88597]]]}},{"type":"Feature","id":"BX0803","properties":{"name":"Riverdale-Spuyten Duyvil","nta2020":"BX0803","borough":"Bronx","source":"NYC DCP NTA2020"},"geometry":{"type":"Polygon","coordinates":[[[-73.89792,40.89055],[-73.89739,40.89164],[-73.89676,40.89265],[-73.89643,40.89366],[-73.89709,40.8986],[-73.89716,40.89938],[-73.89688,40.90105],[-73.89636,40.90321],[-73.89655,40.90751],[-73.89663,40.91143],[-73.89811,40.9118],[-73.90061,40.91262],[-73.90246,40.91297],[-73.90851,40.91501],[-73.91011,40.91541],[-73.91115,40.91432],[-73.91166,40.91343],[-73.91143,40.91283],[-73.91228,40.90927],[-73.91265,40.90808],[-73.91419,40.90415],[-73.91459,40.90413],[-73.91543,40.90182],[-73.91519,40.90159],[-73.91667,40.89754],[-73.91694,40.89665],[-73.918,40.89402],[-73.91888,40.89161],[-73.92059,40.88719],[-73.92381,40.88033],[-73.92454,40.87906],[-73.9228,40.87894],[-73.92207,40.87858],[-73.92026,40.87696],[-73.91979,40.87643],[-73.91908,40.87607],[-73.91776,40.87567],[-73.91726,40.87582],[-73.91579,40.87573],[-73.91485,40.87668],[-73.91206,40.87813],[-73.91149,40.87903],[-73.91033,40.87905],[-73.90968,40.87952],[-73.91034,40.88006],[-73.91053,40.88049],[-73.90939,40.88146],[-73.90796,40.88334],[-73.90759,40.8844],[-73.90681,40.88485],[-73.90414,40.88709],[-73.90318,40.88848],[-73.90286,40.88917],[-73.9007,40.889],[-73.89965,40.88981],[-73.89854,40.8904],[-73.89792,40.89055]]]}},{"type":"Feature","id":"BX0901","properties":{"name":"Soundview-Bruckner-Bronx River","nta2020":"BX0901","borough":"Bronx","source":"NYC DCP NTA2020"},"geometry":{"type":"Polygon","coordinates":[[[-73.86272,40.83293],[-73.86394,40.84005],[-73.86448,40.8411],[-73.86782,40.84017],[-73.86921,40.83961],[-73.87284,40.83976],[-73.87323,40.83816],[-73.87393,40.836],[-73.87673,40.83621],[-73.87783,40.83566],[-73.87925,40.83443],[-73.88005,40.83471],[-73.8839,40.82981],[-73.88352,40.82927],[-73.88379,40.82828],[-73.88439,40.82683],[-73.88461,40.82528],[-73.88465,40.82382],[-73.88439,40.82296],[-73.88379,40.82194],[-73.88245,40.81928],[-73.88098,40.81824],[-73.87982,40.81917],[-73.87558,40.81972],[-73.87247,40.82016],[-73.87342,40.82408],[-73.87357,40.82443],[-73.87146,40.82473],[-73.86788,40.82519],[-73.86217,40.82597],[-73.86121,40.8261],[-73.8597,40.82629],[-73.86067,40.82843],[-73.86172,40.8283],[-73.86264,40.82818],[-73.86314,40.83031],[-73.86367,40.8327],[-73.86272,40.83293]]]}},{"type":"Feature","id":"BX0902","properties":{"name":"Soundview-Clason Point","nta2020":"BX0902","borough":"Bronx","source":"NYC DCP NTA2020"},"geometry":{"type":"Polygon","coordinates":[[[-73.87146,40.82473],[-73.871,40.82257],[-73.86955,40.8161],[-73.86891,40.81512],[-73.86818,40.81482],[-73.86658,40.81438],[-73.86522,40.81454],[-73.86462,40.81423],[-73.86436,40.81302],[-73.86335,40.81239],[-73.86111,40.81116],[-73.86229,40.80995],[-73.86013,40.80961],[-73.85908,40.80998],[-73.85839,40.80827],[-73.85867,40.80684],[-73.85813,40.80547],[-73.85722,40.80525],[-73.85613,40.80529],[-73.85561,40.80507],[-73.85586,40.80452],[-73.85407,40.80447],[-73.85205,40.80461],[-73.85015,40.80454],[-73.84998,40.80507],[-73.84922,40.80503],[-73.8487,40.80474],[-73.84808,40.80493],[-73.84749,40.80546],[-73.84754,40.80593],[-73.84838,40.80637],[-73.84842,40.80738],[-73.84939,40.80789],[-73.84997,40.80859],[-73.85004,40.80916],[-73.84981,40.81001],[-73.84917,40.81093],[-73.84937,40.81135],[-73.84903,40.81213],[-73.84933,40.81251],[-73.8509,40.81344],[-73.85266,40.81397],[-73.85219,40.8143],[-73.85159,40.81431],[-73.8506,40.81394],[-73.85041,40.81359],[-73.84939,40.81325],[-73.84822,40.81247],[-73.84747,40.81091],[-73.84689,40.81053],[-73.84617,40.81068],[-73.84577,40.81159],[-73.84633,40.8117],[-73.84647,40.81231],[-73.84611,40.81311],[-73.84664,40.81304],[-73.84706,40.81483],[-73.85012,40.81443],[-73.85115,40.8144],[-73.85164,40.81637],[-73.85362,40.8161],[-73.85379,40.81682],[-73.85414,40.81825],[-73.85497,40.82169],[-73.85514,40.82244],[-73.85531,40.8232],[-73.85549,40.82392],[-73.85597,40.82607],[-73.8562,40.82605],[-73.85622,40.82617],[-73.85626,40.82634],[-73.85627,40.8264],[-73.85633,40.82663],[-73.85636,40.82676],[-73.85644,40.82675],[-73.85672,40.82672],[-73.857,40.82667],[-73.85728,40.82661],[-73.8597,40.82629],[-73.86121,40.8261],[-73.86217,40.82597],[-73.86788,40.82519],[-73.87146,40.82473]]]}},{"type":"Feature","id":"BX0903","properties":{"name":"Castle Hill-Unionport","nta2020":"BX0903","borough":"Bronx","source":"NYC DCP NTA2020"},"geometry":{"type":"MultiPolygon","coordinates":[[[[-73.84229,40.82871],[-73.84222,40.82835],[-73.84132,40.82677],[-73.84111,40.82616],[-73.84027,40.82477],[-73.84008,40.82426],[-73.83961,40.82387],[-73.83946,40.82293],[-73.83905,40.8227],[-73.83893,40.82134],[-73.83907,40.81981],[-73.83893,40.81901],[-73.83921,40.8189],[-73.84002,40.81799],[-73.84019,40.8172],[-73.83974,40.81641],[-73.83697,40.81637],[-73.83644,40.81782],[-73.83604,40.81779],[-73.83595,40.8189],[-73.836,40.82352],[-73.83617,40.825],[-73.83683,40.82845],[-73.83702,40.82906],[-73.83758,40.82898],[-73.8403,40.82888],[-73.84229,40.82871]]],[[[-73.84292,40.82863],[-73.84399,40.82844],[-73.84532,40.82843],[-73.84505,40.82881],[-73.84585,40.82892],[-73.84728,40.82932],[-73.84849,40.83453],[-73.85169,40.83421],[-73.85906,40.83342],[-73.85984,40.83335],[-73.86034,40.83326],[-73.86057,40.83353],[-73.86066,40.83357],[-73.86075,40.8336],[-73.86085,40.83362],[-73.86129,40.83354],[-73.86156,40.83334],[-73.86272,40.83293],[-73.86367,40.8327],[-73.86314,40.83031],[-73.86264,40.82818],[-73.86172,40.8283],[-73.86067,40.82843],[-73.8597,40.82629],[-73.85728,40.82661],[-73.857,40.82667],[-73.85672,40.82672],[-73.85644,40.82675],[-73.85636,40.82676],[-73.85627,40.8264],[-73.85626,40.82634],[-73.85622,40.82617],[-73.8562,40.82605],[-73.85597,40.82607],[-73.85549,40.82392],[-73.85531,40.8232],[-73.85514,40.82244],[-73.85497,40.82169],[-73.85414,40.81825],[-73.85379,40.81682],[-73.85362,40.8161],[-73.85164,40.81637],[-73.85115,40.8144],[-73.85012,40.81443],[-73.84706,40.81483],[-73.84664,40.81304],[-73.84611,40.81311],[-73.84647,40.81231],[-73.84633,40.8117],[-73.84577,40.81159],[-73.84521,40.8119],[-73.84439,40.81365],[-73.84411,40.81452],[-73.84317,40.81606],[-73.84307,40.81657],[-73.8421,40.81807],[-73.84199,40.81878],[-73.84029,40.81963],[-73.83983,40.82158],[-73.84042,40.82301],[-73.84045,40.82335],[-73.84171,40.82578],[-73.84253,40.82754],[-73.84292,40.82863]]]]}},{"type":"Feature","id":"BX0904","properties":{"name":"Parkchester","nta2020":"BX0904","borough":"Bronx","source":"NYC DCP NTA2020"},"geometry":{"type":"Polygon","coordinates":[[[-73.86272,40.83293],[-73.86156,40.83334],[-73.86129,40.83354],[-73.86085,40.83362],[-73.86075,40.8336],[-73.86066,40.83357],[-73.86057,40.83353],[-73.86043,40.83341],[-73.86038,40.83334],[-73.86034,40.83326],[-73.85984,40.83335],[-73.85906,40.83342],[-73.85169,40.83421],[-73.85186,40.83479],[-73.85207,40.83563],[-73.85248,40.83779],[-73.85267,40.83879],[-73.8531,40.84106],[-73.85334,40.84248],[-73.86347,40.84131],[-73.86448,40.8411],[-73.86394,40.84005],[-73.86272,40.83293]]]}},{"type":"Feature","id":"BX1001","properties":{"name":"Westchester Square","nta2020":"BX1001","borough":"Bronx","source":"NYC DCP NTA2020"},"geometry":{"type":"Polygon","coordinates":[[[-73.83937,40.84089],[-73.84124,40.84061],[-73.84328,40.84355],[-73.84491,40.84544],[-73.84461,40.84626],[-73.845,40.84847],[-73.84537,40.84872],[-73.84563,40.84822],[-73.84578,40.84797],[-73.84615,40.84751],[-73.84721,40.8465],[-73.84789,40.846],[-73.84752,40.84567],[-73.84727,40.84545],[-73.84711,40.84531],[-73.84679,40.84501],[-73.84624,40.8445],[-73.84749,40.84357],[-73.84806,40.84308],[-73.85089,40.84276],[-73.85121,40.84272],[-73.8518,40.84266],[-73.85231,40.8426],[-73.85334,40.84248],[-73.8531,40.84106],[-73.85267,40.83879],[-73.85248,40.83779],[-73.85207,40.83563],[-73.85186,40.83479],[-73.85169,40.83421],[-73.84849,40.83453],[-73.84728,40.82932],[-73.84585,40.82892],[-73.84505,40.82881],[-73.84532,40.82843],[-73.84399,40.82844],[-73.84292,40.82863],[-73.84311,40.8298],[-73.84221,40.83156],[-73.84182,40.83173],[-73.83992,40.83333],[-73.83941,40.83461],[-73.83984,40.83612],[-73.83995,40.83759],[-73.8403,40.83953],[-73.83972,40.83957],[-73.83957,40.84056],[-73.83937,40.84089]]]}},{"type":"Feature","id":"BX1002","properties":{"name":"Throgs Neck-Schuylerville","nta2020":"BX1002","borough":"Bronx","source":"NYC DCP NTA2020"},"geometry":{"type":"Polygon","coordinates":[[[-73.81606,40.83604],[-73.82258,40.83449],[-73.8238,40.83431],[-73.82463,40.83386],[-73.82516,40.83462],[-73.82601,40.83403],[-73.82622,40.83436],[-73.8255,40.83523],[-73.82542,40.83582],[-73.82585,40.83707],[-73.82599,40.84068],[-73.82624,40.843],[-73.82611,40.84535],[-73.82758,40.84474],[-73.83043,40.84387],[-73.83294,40.84353],[-73.83683,40.84347],[-73.83767,40.84113],[-73.83762,40.84029],[-73.83839,40.84069],[-73.83937,40.84089],[-73.83957,40.84056],[-73.83972,40.83957],[-73.83959,40.83881],[-73.83919,40.83872],[-73.83929,40.83805],[-73.83924,40.83675],[-73.83883,40.83382],[-73.839,40.83339],[-73.84085,40.83176],[-73.84189,40.83072],[-73.84223,40.82984],[-73.84229,40.82871],[-73.8403,40.82888],[-73.83758,40.82898],[-73.83702,40.82906],[-73.83683,40.82845],[-73.83534,40.8282],[-73.83132,40.82673],[-73.8311,40.82683],[-73.82465,40.82477],[-73.82946,40.82239],[-73.82833,40.82105],[-73.82672,40.82183],[-73.82537,40.82022],[-73.82371,40.81766],[-73.82317,40.81669],[-73.82842,40.81488],[-73.82666,40.81196],[-73.82631,40.81129],[-73.82426,40.81212],[-73.82118,40.81296],[-73.82011,40.81287],[-73.81982,40.81319],[-73.81875,40.81343],[-73.81739,40.81358],[-73.81648,40.81386],[-73.81552,40.81351],[-73.814,40.81356],[-73.81277,40.81317],[-73.81157,40.81306],[-73.81083,40.81286],[-73.81027,40.81301],[-73.80914,40.81254],[-73.8084,40.81204],[-73.80714,40.81067],[-73.80536,40.80965],[-73.80406,40.80876],[-73.8036,40.80877],[-73.80278,40.80913],[-73.80167,40.80902],[-73.80054,40.80841],[-73.79885,40.80719],[-73.79601,40.80593],[-73.79532,40.80585],[-73.79452,40.80501],[-73.79339,40.80421],[-73.79225,40.804],[-73.79104,40.80427],[-73.79029,40.80483],[-73.79006,40.80542],[-73.79043,40.80633],[-73.79074,40.8066],[-73.79087,40.80735],[-73.79173,40.80689],[-73.79229,40.80686],[-73.79376,40.80746],[-73.79854,40.8096],[-73.80011,40.80972],[-73.80147,40.81015],[-73.80235,40.81005],[-73.80318,40.81088],[-73.80337,40.81155],[-73.80391,40.81212],[-73.80477,40.81204],[-73.80503,40.81226],[-73.80544,40.81336],[-73.80543,40.81441],[-73.80569,40.81504],[-73.80663,40.8156],[-73.80633,40.81615],[-73.80515,40.81568],[-73.8032,40.81351],[-73.80364,40.81264],[-73.80278,40.81248],[-73.80146,40.81295],[-73.80092,40.81377],[-73.80011,40.81403],[-73.79995,40.81446],[-73.79903,40.81555],[-73.79738,40.81577],[-73.79759,40.81652],[-73.80033,40.81757],[-73.80059,40.81794],[-73.80247,40.81855],[-73.80268,40.81825],[-73.80379,40.81843],[-73.80462,40.81904],[-73.80573,40.82019],[-73.80599,40.82083],[-73.80586,40.82191],[-73.80666,40.82343],[-73.8067,40.82465],[-73.807,40.82533],[-73.80784,40.82578],[-73.80909,40.82588],[-73.80966,40.82528],[-73.81085,40.82488],[-73.81177,40.82435],[-73.81286,40.82429],[-73.81378,40.82401],[-73.81404,40.82449],[-73.81308,40.82495],[-73.81374,40.82527],[-73.81404,40.82596],[-73.81368,40.82641],[-73.8139,40.82669],[-73.81188,40.82799],[-73.8103,40.828],[-73.81002,40.82826],[-73.81276,40.82826],[-73.81371,40.82959],[-73.81382,40.82998],[-73.81477,40.83083],[-73.81549,40.83231],[-73.81594,40.83369],[-73.81609,40.8346],[-73.81606,40.83604]]]}},{"type":"Feature","id":"BX1003","properties":{"name":"Pelham Bay-Country Club-City Island","nta2020":"BX1003","borough":"Bronx","source":"NYC DCP NTA2020"},"geometry":{"type":"MultiPolygon","coordinates":[[[[-73.78833,40.83468],[-73.78846,40.83532],[-73.78951,40.83537],[-73.78931,40.83447],[-73.78833,40.83468]]],[[[-73.81606,40.83604],[-73.81634,40.83677],[-73.81645,40.83778],[-73.81592,40.83862],[-73.81478,40.83908],[-73.81473,40.83968],[-73.81497,40.84009],[-73.81533,40.8415],[-73.81557,40.84176],[-73.81542,40.8424],[-73.81615,40.84301],[-73.81645,40.84368],[-73.8163,40.84441],[-73.81572,40.84444],[-73.8152,40.84406],[-73.815,40.84351],[-73.81346,40.84367],[-73.81344,40.84422],[-73.81419,40.84473],[-73.81381,40.84536],[-73.81421,40.84602],[-73.81507,40.84655],[-73.81572,40.8463],[-73.81613,40.84654],[-73.81617,40.84702],[-73.8159,40.84802],[-73.81532,40.84859],[-73.8163,40.84858],[-73.82014,40.84803],[-73.82049,40.84851],[-73.82496,40.84611],[-73.82518,40.84271],[-73.82624,40.843],[-73.82599,40.84068],[-73.82585,40.83707],[-73.82542,40.83582],[-73.8255,40.83523],[-73.82622,40.83436],[-73.82601,40.83403],[-73.82516,40.83462],[-73.82463,40.83386],[-73.8238,40.83431],[-73.82258,40.83449],[-73.81606,40.83604]]],[[[-73.83683,40.84347],[-73.83294,40.84353],[-73.83043,40.84387],[-73.82758,40.84474],[-73.82611,40.84535],[-73.82634,40.84605],[-73.828,40.84864],[-73.82786,40.84975],[-73.82713,40.85188],[-73.82738,40.85283],[-73.82721,40.8533],[-73.8286,40.85573],[-73.83129,40.85544],[-73.83228,40.85519],[-73.83391,40.85448],[-73.83464,40.85383],[-73.83556,40.85197],[-73.8362,40.84584],[-73.83683,40.84347]]],[[[-73.78922,40.85875],[-73.78999,40.85853],[-73.79206,40.85652],[-73.79208,40.85565],[-73.79129,40.85459],[-73.79192,40.85423],[-73.79129,40.85389],[-73.79112,40.85327],[-73.79145,40.85278],[-73.79114,40.85206],[-73.79016,40.85226],[-73.79046,40.85173],[-73.79013,40.8512],[-73.78976,40.84954],[-73.79089,40.84889],[-73.79136,40.84824],[-73.79127,40.84761],[-73.79148,40.84681],[-73.7905,40.8455],[-73.7896,40.84451],[-73.78934,40.84369],[-73.78823,40.8422],[-73.78785,40.84148],[-73.78787,40.84109],[-73.7873,40.83968],[-73.78653,40.83973],[-73.78574,40.83924],[-73.78553,40.83881],[-73.78558,40.83794],[-73.78485,40.83748],[-73.7841,40.83673],[-73.78338,40.83692],[-73.78291,40.83733],[-73.78238,40.83733],[-73.78189,40.83766],[-73.78133,40.8393],[-73.78154,40.84079],[-73.78222,40.84171],[-73.78237,40.84244],[-73.78287,40.84249],[-73.78348,40.84366],[-73.78279,40.84376],[-73.78306,40.84438],[-73.78305,40.84551],[-73.7825,40.84561],[-73.78251,40.84642],[-73.78208,40.84714],[-73.78143,40.84746],[-73.78159,40.84805],[-73.78251,40.84792],[-73.78256,40.84829],[-73.7815,40.84859],[-73.78245,40.84935],[-73.78304,40.84908],[-73.78358,40.84927],[-73.7842,40.85007],[-73.78402,40.85059],[-73.78448,40.85108],[-73.78345,40.85141],[-73.78434,40.85178],[-73.78529,40.85163],[-73.78642,40.85215],[-73.78796,40.85348],[-73.78793,40.85375],[-73.78848,40.85446],[-73.7883,40.85481],[-73.78836,40.85563],[-73.78889,40.85661],[-73.78871,40.85712],[-73.78877,40.85841],[-73.78922,40.85875]]],[[[-73.78458,40.86054],[-73.78521,40.86039],[-73.78692,40.86028],[-73.7876,40.85887],[-73.7867,40.85869],[-73.78608,40.85928],[-73.78514,40.8588],[-73.78441,40.85974],[-73.78458,40.86054]]]]}},{"type":"Feature","id":"BX1004","properties":{"name":"Co-op City","nta2020":"BX1004","borough":"Bronx","source":"NYC DCP NTA2020"},"geometry":{"type":"Polygon","coordinates":[[[-73.82024,40.8855],[-73.82082,40.88535],[-73.82132,40.88603],[-73.82206,40.88612],[-73.82661,40.88466],[-73.82606,40.88416],[-73.82905,40.88263],[-73.8305,40.88178],[-73.83145,40.88111],[-73.83246,40.88022],[-73.83377,40.87873],[-73.8347,40.87655],[-73.83489,40.87508],[-73.8348,40.87373],[-73.83434,40.87204],[-73.83369,40.87046],[-73.83265,40.86825],[-73.83075,40.86468],[-73.83023,40.86344],[-73.82955,40.86217],[-73.82841,40.86096],[-73.8275,40.85996],[-73.82722,40.85921],[-73.82471,40.85998],[-73.82178,40.86096],[-73.82022,40.86163],[-73.81916,40.86231],[-73.81685,40.86432],[-73.817,40.86447],[-73.81579,40.86577],[-73.82092,40.86893],[-73.82127,40.86908],[-73.8233,40.87311],[-73.8211,40.87898],[-73.82006,40.88212],[-73.82024,40.8855]]]}},{"type":"Feature","id":"BX1101","properties":{"name":"Pelham Parkway-Van Nest","nta2020":"BX1101","borough":"Bronx","source":"NYC DCP NTA2020"},"geometry":{"type":"Polygon","coordinates":[[[-73.86179,40.85799],[-73.86759,40.85784],[-73.86842,40.85779],[-73.86989,40.85598],[-73.86989,40.85568],[-73.86825,40.85097],[-73.86921,40.84925],[-73.86786,40.84887],[-73.86836,40.84709],[-73.86893,40.84689],[-73.86866,40.84627],[-73.86864,40.84532],[-73.86804,40.84482],[-73.86889,40.84442],[-73.871,40.84312],[-73.87223,40.84165],[-73.8736,40.83981],[-73.87284,40.83976],[-73.86921,40.83961],[-73.86782,40.84017],[-73.86448,40.8411],[-73.86347,40.84131],[-73.85334,40.84248],[-73.8543,40.84268],[-73.85738,40.84372],[-73.85866,40.84529],[-73.86039,40.84824],[-73.86119,40.84861],[-73.86251,40.84837],[-73.86279,40.84925],[-73.86304,40.85062],[-73.86212,40.85081],[-73.86192,40.85679],[-73.86179,40.85799]]]}},{"type":"Feature","id":"BX1102","properties":{"name":"Morris Park","nta2020":"BX1102","borough":"Bronx","source":"NYC DCP NTA2020"},"geometry":{"type":"Polygon","coordinates":[[[-73.83682,40.85729],[-73.84005,40.85781],[-73.8433,40.8583],[-73.84646,40.85864],[-73.84931,40.85873],[-73.85664,40.85812],[-73.86179,40.85799],[-73.86192,40.85679],[-73.86212,40.85081],[-73.86304,40.85062],[-73.86279,40.84925],[-73.86251,40.84837],[-73.86119,40.84861],[-73.86039,40.84824],[-73.85866,40.84529],[-73.85738,40.84372],[-73.8543,40.84268],[-73.85334,40.84248],[-73.85231,40.8426],[-73.8518,40.84266],[-73.85121,40.84272],[-73.85089,40.84276],[-73.84806,40.84308],[-73.84624,40.8445],[-73.84679,40.84501],[-73.84711,40.84531],[-73.84727,40.84545],[-73.84752,40.84567],[-73.84789,40.846],[-73.84721,40.8465],[-73.84615,40.84751],[-73.84578,40.84797],[-73.84563,40.84822],[-73.84537,40.84872],[-73.84535,40.84946],[-73.84502,40.84944],[-73.84494,40.84823],[-73.84428,40.84913],[-73.84149,40.8532],[-73.84046,40.85423],[-73.83942,40.85497],[-73.83772,40.85575],[-73.83524,40.8565],[-73.83668,40.85666],[-73.83682,40.85729]]]}},{"type":"Feature","id":"BX1103","properties":{"name":"Pelham Gardens","nta2020":"BX1103","borough":"Bronx","source":"NYC DCP NTA2020"},"geometry":{"type":"Polygon","coordinates":[[[-73.85364,40.87331],[-73.85651,40.87423],[-73.85662,40.87126],[-73.85849,40.87129],[-73.85867,40.8655],[-73.85961,40.86552],[-73.85891,40.86465],[-73.85771,40.86229],[-73.85731,40.85946],[-73.85664,40.85812],[-73.84931,40.85873],[-73.84646,40.85864],[-73.8433,40.8583],[-73.84005,40.85781],[-73.83682,40.85729],[-73.83308,40.85869],[-73.82988,40.85975],[-73.82841,40.86096],[-73.82955,40.86217],[-73.8316,40.86265],[-73.83579,40.86502],[-73.83922,40.86683],[-73.84793,40.87135],[-73.8486,40.87168],[-73.85364,40.87331]]]}},{"type":"Feature","id":"BX1104","properties":{"name":"Allerton","nta2020":"BX1104","borough":"Bronx","source":"NYC DCP NTA2020"},"geometry":{"type":"Polygon","coordinates":[[[-73.85849,40.87129],[-73.86427,40.8714],[-73.86433,40.86966],[-73.86654,40.86971],[-73.87054,40.86968],[-73.8704,40.86432],[-73.87058,40.86141],[-73.87108,40.85739],[-73.87095,40.85727],[-73.86955,40.85773],[-73.86842,40.85779],[-73.86759,40.85784],[-73.86179,40.85799],[-73.85664,40.85812],[-73.85731,40.85946],[-73.85771,40.86229],[-73.85891,40.86465],[-73.85961,40.86552],[-73.85867,40.8655],[-73.85849,40.87129]]]}},{"type":"Feature","id":"BX1201","properties":{"name":"Williamsbridge-Olinville","nta2020":"BX1201","borough":"Bronx","source":"NYC DCP NTA2020"},"geometry":{"type":"Polygon","coordinates":[[[-73.84745,40.88699],[-73.86274,40.89185],[-73.86198,40.89317],[-73.86136,40.89467],[-73.86356,40.89539],[-73.86369,40.89433],[-73.86701,40.88908],[-73.86778,40.88709],[-73.86839,40.88515],[-73.86921,40.88333],[-73.87002,40.88235],[-73.87084,40.88046],[-73.87015,40.88036],[-73.87095,40.87852],[-73.86936,40.87812],[-73.87032,40.87563],[-73.87038,40.87329],[-73.87056,40.87152],[-73.87054,40.86968],[-73.86654,40.86971],[-73.86433,40.86966],[-73.86427,40.8714],[-73.85849,40.87129],[-73.85662,40.87126],[-73.85651,40.87423],[-73.85364,40.87331],[-73.85143,40.875],[-73.85069,40.87549],[-73.85172,40.87685],[-73.85255,40.8771],[-73.85092,40.8779],[-73.85207,40.87931],[-73.85248,40.87947],[-73.84745,40.88699]]]}},{"type":"Feature","id":"BX1202","properties":{"name":"Eastchester-Edenwald-Baychester","nta2020":"BX1202","borough":"Bronx","source":"NYC DCP NTA2020"},"geometry":{"type":"Polygon","coordinates":[[[-73.82024,40.8855],[-73.81684,40.8864],[-73.8152,40.88667],[-73.81277,40.88669],[-73.81102,40.8864],[-73.8079,40.88579],[-73.80676,40.88576],[-73.8052,40.88601],[-73.80329,40.88542],[-73.79938,40.88436],[-73.79449,40.88308],[-73.79323,40.88283],[-73.79301,40.88337],[-73.79386,40.88365],[-73.7993,40.88508],[-73.80193,40.88572],[-73.80291,40.88604],[-73.80756,40.88712],[-73.80872,40.88749],[-73.81517,40.88905],[-73.81602,40.88933],[-73.81828,40.88986],[-73.81949,40.8903],[-73.82285,40.89122],[-73.82337,40.89098],[-73.82338,40.88998],[-73.82367,40.88991],[-73.82723,40.89092],[-73.83096,40.89204],[-73.83185,40.89236],[-73.83357,40.89281],[-73.83526,40.8934],[-73.83631,40.89361],[-73.83804,40.89415],[-73.83839,40.89408],[-73.84984,40.89155],[-73.85069,40.89131],[-73.84591,40.88975],[-73.84745,40.88699],[-73.85248,40.87947],[-73.85207,40.87931],[-73.85092,40.8779],[-73.85255,40.8771],[-73.85172,40.87685],[-73.85069,40.87549],[-73.85143,40.875],[-73.85364,40.87331],[-73.8486,40.87168],[-73.84793,40.87135],[-73.83922,40.86683],[-73.83579,40.86502],[-73.8316,40.86265],[-73.82955,40.86217],[-73.83023,40.86344],[-73.83075,40.86468],[-73.83265,40.86825],[-73.83369,40.87046],[-73.83434,40.87204],[-73.8348,40.87373],[-73.83489,40.87508],[-73.8347,40.87655],[-73.83377,40.87873],[-73.83246,40.88022],[-73.83145,40.88111],[-73.8305,40.88178],[-73.82905,40.88263],[-73.82606,40.88416],[-73.82661,40.88466],[-73.82206,40.88612],[-73.82132,40.88603],[-73.82082,40.88535],[-73.82024,40.8855]]]}},{"type":"Feature","id":"BX1203","properties":{"name":"Wakefield-Woodlawn","nta2020":"BX1203","borough":"Bronx","source":"NYC DCP NTA2020"},"geometry":{"type":"Polygon","coordinates":[[[-73.83839,40.89408],[-73.83965,40.89734],[-73.83967,40.89789],[-73.83927,40.89867],[-73.83925,40.89951],[-73.84065,40.90141],[-73.84087,40.90187],[-73.84113,40.90351],[-73.84139,40.90418],[-73.84489,40.9042],[-73.84482,40.90554],[-73.84708,40.90617],[-73.85017,40.90752],[-73.85092,40.90662],[-73.85348,40.90754],[-73.85107,40.91038],[-73.85228,40.90986],[-73.85296,40.91036],[-73.8536,40.90962],[-73.85459,40.90895],[-73.85491,40.90836],[-73.85471,40.90801],[-73.85374,40.9078],[-73.85424,40.90704],[-73.85514,40.90688],[-73.85553,40.90639],[-73.85656,40.90627],[-73.85693,40.90598],[-73.85601,40.90531],[-73.85666,40.90506],[-73.85718,40.90529],[-73.85744,40.90485],[-73.85699,40.90459],[-73.85711,40.90366],[-73.85756,40.90293],[-73.85797,40.90286],[-73.85816,40.90231],[-73.85873,40.9023],[-73.85911,40.90265],[-73.85958,40.90245],[-73.85947,40.90194],[-73.85887,40.90172],[-73.85908,40.90102],[-73.85947,40.90053],[-73.86134,40.90112],[-73.86202,40.9012],[-73.86566,40.90225],[-73.8679,40.90295],[-73.8682,40.90236],[-73.86912,40.90147],[-73.87025,40.90066],[-73.87137,40.90004],[-73.87373,40.89906],[-73.87538,40.89803],[-73.87644,40.89688],[-73.87712,40.89548],[-73.87481,40.89573],[-73.87049,40.89665],[-73.86492,40.89576],[-73.86356,40.89539],[-73.86136,40.89467],[-73.86198,40.89317],[-73.86274,40.89185],[-73.84745,40.88699],[-73.84591,40.88975],[-73.85069,40.89131],[-73.84984,40.89155],[-73.83839,40.89408]]]}},{"type":"Feature","id":"MN0101","properties":{"name":"Financial District-Battery Park City","nta2020":"MN0101","borough":"Manhattan","source":"NYC DCP NTA2020"},"geometry":{"type":"MultiPolygon","coordinates":[[[[-74.00078,40.69429],[-74.0007,40.6944],[-74.00027,40.69497],[-74.0024,40.69572],[-74.00302,40.69479],[-74.00096,40.69408],[-74.00078,40.69429]]],[[[-73.99838,40.69807],[-74.00049,40.69877],[-74.00105,40.69792],[-73.99887,40.69717],[-73.99838,40.69807]]],[[[-73.998,40.69881],[-73.9975,40.69965],[-73.99948,40.70033],[-74.00002,40.69947],[-73.998,40.69881]]],[[[-73.99629,40.70143],[-73.99539,40.70265],[-73.99526,40.70282],[-73.99514,40.70298],[-73.99589,40.70327],[-73.99619,40.70339],[-73.99814,40.70153],[-73.99682,40.701],[-73.9967,40.70089],[-73.99629,40.70143]]],[[[-74.01233,40.71888],[-74.01229,40.71905],[-74.01244,40.71907],[-74.01256,40.71908],[-74.0127,40.7191],[-74.01303,40.71914],[-74.01307,40.71895],[-74.01307,40.71893],[-74.01321,40.71832],[-74.01495,40.71855],[-74.01671,40.71863],[-74.01758,40.7136],[-74.01632,40.71342],[-74.01662,40.71276],[-74.01663,40.71217],[-74.0178,40.71235],[-74.01886,40.70806],[-74.01819,40.70783],[-74.01853,40.70696],[-74.01912,40.70698],[-74.01934,40.70608],[-74.01893,40.70478],[-74.01845,40.70417],[-74.01713,40.70429],[-74.01663,40.70481],[-74.0154,40.70481],[-74.01429,40.70456],[-74.01443,40.70316],[-74.01384,40.70241],[-74.01398,40.70154],[-74.01349,40.70049],[-74.01111,40.70091],[-74.01106,40.70146],[-74.00959,40.70185],[-74.00854,40.70093],[-74.00759,40.70134],[-74.00776,40.70156],[-74.0087,40.70115],[-74.00929,40.70194],[-74.0077,40.70286],[-74.00679,40.70358],[-74.0055,40.70244],[-74.00531,40.70257],[-74.0066,40.70369],[-74.00602,40.70388],[-74.00406,40.70516],[-74.00287,40.70408],[-74.00263,40.70423],[-74.00383,40.70531],[-74.00332,40.70564],[-74.00242,40.70514],[-74.00206,40.70543],[-74.00146,40.70488],[-74.00059,40.70542],[-74.00141,40.70619],[-74.00098,40.70642],[-74.00119,40.70687],[-73.99914,40.70799],[-74.00142,40.70982],[-74.00272,40.71084],[-74.00373,40.71166],[-74.00394,40.71181],[-74.00397,40.71183],[-74.00442,40.7122],[-74.00446,40.71228],[-74.0045,40.71241],[-74.00449,40.71255],[-74.00574,40.7121],[-74.00751,40.71168],[-74.00757,40.71167],[-74.00763,40.71168],[-74.00769,40.71168],[-74.00774,40.7117],[-74.0078,40.71172],[-74.00785,40.71174],[-74.00802,40.71174],[-74.00808,40.71173],[-74.00814,40.71171],[-74.00816,40.71169],[-74.00819,40.71167],[-74.0086,40.7114],[-74.01309,40.71342],[-74.01373,40.71369],[-74.0131,40.71563],[-74.01303,40.71596],[-74.01292,40.71641],[-74.01273,40.71712],[-74.01233,40.71888]]]]}},{"type":"Feature","id":"MN0102","properties":{"name":"Tribeca-Civic Center","nta2020":"MN0102","borough":"Manhattan","source":"NYC DCP NTA2020"},"geometry":{"type":"Polygon","coordinates":[[[-73.99931,40.71756],[-74.00932,40.72471],[-74.01092,40.7258],[-74.01124,40.72427],[-74.01197,40.72434],[-74.01254,40.72151],[-74.01316,40.72126],[-74.01562,40.72155],[-74.0157,40.72121],[-74.0129,40.72088],[-74.013,40.72034],[-74.01631,40.72074],[-74.01638,40.72038],[-74.01342,40.72003],[-74.01291,40.71974],[-74.01303,40.71914],[-74.0127,40.7191],[-74.01256,40.71908],[-74.01244,40.71907],[-74.01229,40.71905],[-74.01233,40.71888],[-74.01273,40.71712],[-74.01292,40.71641],[-74.01303,40.71596],[-74.0131,40.71563],[-74.01344,40.71444],[-74.01373,40.71369],[-74.0086,40.7114],[-74.00835,40.71137],[-74.00821,40.7115],[-74.00821,40.71164],[-74.00816,40.71169],[-74.00814,40.71171],[-74.00808,40.71173],[-74.00785,40.71174],[-74.00781,40.71172],[-74.00777,40.71171],[-74.00773,40.71169],[-74.00769,40.71168],[-74.00764,40.71168],[-74.0076,40.71167],[-74.00755,40.71167],[-74.00751,40.71168],[-74.00574,40.7121],[-74.00449,40.71255],[-74.0045,40.71241],[-74.00446,40.71228],[-74.00442,40.7122],[-74.00397,40.71183],[-74.00394,40.71181],[-74.00373,40.71166],[-74.00272,40.71084],[-74.00142,40.70982],[-74.00051,40.71099],[-74.00087,40.71171],[-74.00093,40.71327],[-74.00157,40.71369],[-74.00097,40.71391],[-74.00053,40.71518],[-74.00079,40.7153],[-73.99931,40.71756]]]}},{"type":"Feature","id":"MN0201","properties":{"name":"SoHo-Little Italy-Hudson Square","nta2020":"MN0201","borough":"Manhattan","source":"NYC DCP NTA2020"},"geometry":{"type":"Polygon","coordinates":[[[-74.00282,40.72837],[-74.01055,40.72911],[-74.01064,40.72818],[-74.01138,40.72824],[-74.01154,40.72646],[-74.01513,40.7268],[-74.01516,40.72633],[-74.01232,40.72604],[-74.01165,40.72588],[-74.01197,40.72434],[-74.01124,40.72427],[-74.01092,40.7258],[-74.00932,40.72471],[-73.99931,40.71756],[-73.99859,40.71711],[-73.99606,40.71624],[-73.99543,40.71729],[-73.99481,40.71847],[-73.9944,40.71947],[-73.99407,40.72025],[-73.99353,40.72164],[-73.9926,40.72414],[-73.99533,40.72509],[-73.99677,40.72544],[-73.99761,40.72581],[-74.00282,40.72837]]]}},{"type":"Feature","id":"MN0202","properties":{"name":"Greenwich Village","nta2020":"MN0202","borough":"Manhattan","source":"NYC DCP NTA2020"},"geometry":{"type":"Polygon","coordinates":[[[-73.9899,40.73444],[-73.99684,40.73737],[-74.00141,40.73107],[-74.00216,40.72977],[-74.00282,40.72837],[-73.99761,40.72581],[-73.99677,40.72544],[-73.99533,40.72509],[-73.9926,40.72414],[-73.99206,40.72565],[-73.9918,40.7264],[-73.99157,40.72704],[-73.9913,40.72776],[-73.99098,40.7292],[-73.99051,40.73057],[-73.99039,40.7313],[-73.99021,40.732],[-73.9901,40.73245],[-73.98987,40.73354],[-73.9899,40.73444]]]}},{"type":"Feature","id":"MN0203","properties":{"name":"West Village","nta2020":"MN0203","borough":"Manhattan","source":"NYC DCP NTA2020"},"geometry":{"type":"Polygon","coordinates":[[[-74.00915,40.7425],[-74.01084,40.7426],[-74.0114,40.74183],[-74.01039,40.74141],[-74.00941,40.74116],[-74.00963,40.74065],[-74.01138,40.74073],[-74.01159,40.73928],[-74.01039,40.73918],[-74.01082,40.73429],[-74.012,40.73435],[-74.01202,40.73407],[-74.01083,40.73402],[-74.01091,40.73331],[-74.014,40.73334],[-74.014,40.73308],[-74.01094,40.73302],[-74.01116,40.73046],[-74.01402,40.73069],[-74.01439,40.72847],[-74.01138,40.72824],[-74.01064,40.72818],[-74.01055,40.72911],[-74.00282,40.72837],[-74.00216,40.72977],[-74.00141,40.73107],[-73.99684,40.73737],[-74.0087,40.74237],[-74.00915,40.7425]],[[-74.00937,40.74219],[-74.00936,40.74143],[-74.01017,40.74168],[-74.00982,40.74217],[-74.00937,40.74219]]]}},{"type":"Feature","id":"MN0301","properties":{"name":"Chinatown-Two Bridges","nta2020":"MN0301","borough":"Manhattan","source":"NYC DCP NTA2020"},"geometry":{"type":"Polygon","coordinates":[[[-74.00142,40.70982],[-73.99914,40.70799],[-73.99808,40.70852],[-73.99728,40.70874],[-73.99135,40.70963],[-73.98874,40.70998],[-73.9885,40.70918],[-73.98815,40.70917],[-73.9845,40.70952],[-73.98466,40.71047],[-73.9847,40.71071],[-73.98479,40.71124],[-73.98512,40.71336],[-73.98535,40.71447],[-73.98934,40.71414],[-73.99022,40.71441],[-73.99023,40.7145],[-73.99022,40.71459],[-73.9902,40.71467],[-73.98916,40.71672],[-73.98995,40.71698],[-73.99481,40.71847],[-73.99543,40.71729],[-73.99606,40.71624],[-73.99859,40.71711],[-73.99931,40.71756],[-74.00079,40.7153],[-74.00053,40.71518],[-74.00097,40.71391],[-74.00157,40.71369],[-74.00093,40.71327],[-74.00087,40.71171],[-74.00051,40.71099],[-74.00142,40.70982]]]}},{"type":"Feature","id":"MN0302","properties":{"name":"Lower East Side","nta2020":"MN0302","borough":"Manhattan","source":"NYC DCP NTA2020"},"geometry":{"type":"Polygon","coordinates":[[[-73.97357,40.71861],[-73.97723,40.71932],[-73.97875,40.71994],[-73.9926,40.72414],[-73.99353,40.72164],[-73.99407,40.72025],[-73.9944,40.71947],[-73.99481,40.71847],[-73.99383,40.71815],[-73.98995,40.71698],[-73.98916,40.71672],[-73.9902,40.71467],[-73.99022,40.71459],[-73.99023,40.7145],[-73.99022,40.71441],[-73.98934,40.71414],[-73.98535,40.71447],[-73.98512,40.71336],[-73.98479,40.71124],[-73.9847,40.71071],[-73.98466,40.71047],[-73.9845,40.70952],[-73.98125,40.70983],[-73.98129,40.71023],[-73.98034,40.71037],[-73.97826,40.71051],[-73.97706,40.71121],[-73.97643,40.71192],[-73.97605,40.71261],[-73.97491,40.71512],[-73.9741,40.7171],[-73.97357,40.71861]]]}},{"type":"Feature","id":"MN0303","properties":{"name":"East Village","nta2020":"MN0303","borough":"Manhattan","source":"NYC DCP NTA2020"},"geometry":{"type":"Polygon","coordinates":[[[-73.97357,40.71861],[-73.97299,40.72068],[-73.97204,40.72469],[-73.97163,40.72664],[-73.9718,40.72672],[-73.97205,40.72689],[-73.97567,40.72847],[-73.98034,40.73045],[-73.98167,40.73101],[-73.98191,40.7311],[-73.98247,40.73132],[-73.98256,40.73136],[-73.98297,40.73153],[-73.98322,40.73163],[-73.98347,40.73174],[-73.98356,40.73178],[-73.98495,40.73236],[-73.9899,40.73444],[-73.98987,40.73354],[-73.9901,40.73245],[-73.99021,40.732],[-73.99039,40.7313],[-73.99051,40.73057],[-73.99098,40.7292],[-73.9913,40.72776],[-73.99157,40.72704],[-73.9918,40.7264],[-73.99206,40.72565],[-73.9926,40.72414],[-73.97875,40.71994],[-73.97723,40.71932],[-73.97357,40.71861]]]}},{"type":"Feature","id":"MN0401","properties":{"name":"Chelsea-Hudson Yards","nta2020":"MN0401","borough":"Manhattan","source":"NYC DCP NTA2020"},"geometry":{"type":"Polygon","coordinates":[[[-73.99163,40.75472],[-73.99447,40.75592],[-73.99501,40.75614],[-73.99511,40.75618],[-73.99578,40.75646],[-73.9973,40.75712],[-73.99685,40.75774],[-73.9968,40.7578],[-73.99664,40.75802],[-73.99641,40.75835],[-73.99548,40.75964],[-74.00104,40.76198],[-74.00128,40.76208],[-74.00142,40.76214],[-74.00179,40.7623],[-74.0022,40.76174],[-74.0044,40.76268],[-74.00455,40.7625],[-74.00234,40.76155],[-74.00279,40.76094],[-74.00313,40.76109],[-74.00451,40.75909],[-74.00653,40.75988],[-74.00697,40.75917],[-74.00503,40.75837],[-74.00481,40.75782],[-74.00542,40.75733],[-74.00762,40.75429],[-74.009,40.75066],[-74.01057,40.75133],[-74.01068,40.75103],[-74.00911,40.75038],[-74.00956,40.74998],[-74.00995,40.74894],[-74.01108,40.74906],[-74.01117,40.74865],[-74.00895,40.74842],[-74.00906,40.74779],[-74.01127,40.74802],[-74.01136,40.7476],[-74.00914,40.74737],[-74.00924,40.74677],[-74.01145,40.74699],[-74.01154,40.74658],[-74.00937,40.74634],[-74.00947,40.74576],[-74.01164,40.74599],[-74.01174,40.74553],[-74.00956,40.7453],[-74.00961,40.74501],[-74.00873,40.74489],[-74.0089,40.74393],[-74.00951,40.74368],[-74.01202,40.74395],[-74.01212,40.74352],[-74.00959,40.74327],[-74.00909,40.74289],[-74.00915,40.7425],[-74.0087,40.74237],[-73.99684,40.73737],[-73.99142,40.74481],[-73.9971,40.74721],[-73.99347,40.7522],[-73.99163,40.75472]]]}},{"type":"Feature","id":"MN0402","properties":{"name":"Hell's Kitchen","nta2020":"MN0402","borough":"Manhattan","source":"NYC DCP NTA2020"},"geometry":{"type":"Polygon","coordinates":[[[-73.99612,40.77328],[-73.99623,40.77314],[-73.99445,40.77239],[-73.99478,40.77194],[-73.99687,40.77283],[-73.99707,40.77255],[-73.99498,40.77167],[-73.99631,40.76981],[-73.99876,40.77083],[-73.99903,40.77047],[-73.99657,40.76943],[-73.99707,40.76874],[-73.99947,40.76977],[-73.99973,40.76948],[-73.99646,40.76811],[-73.99716,40.76714],[-74.00039,40.76851],[-74.00063,40.76821],[-73.99738,40.76683],[-73.99807,40.76588],[-74.0013,40.76725],[-74.00154,40.76695],[-73.99828,40.76558],[-73.9987,40.76518],[-73.99889,40.76458],[-74.00203,40.7659],[-74.00228,40.76553],[-73.99915,40.76421],[-73.99993,40.76341],[-74.00295,40.76463],[-74.00315,40.76434],[-74.00097,40.76343],[-74.00139,40.76286],[-74.00361,40.76379],[-74.00376,40.76359],[-74.00153,40.76265],[-74.00179,40.7623],[-74.00142,40.76214],[-74.00128,40.76208],[-74.00104,40.76198],[-73.99548,40.75964],[-73.99641,40.75835],[-73.99664,40.75802],[-73.9968,40.7578],[-73.99685,40.75774],[-73.9973,40.75712],[-73.99578,40.75646],[-73.99511,40.75618],[-73.99501,40.75614],[-73.99447,40.75592],[-73.99163,40.75472],[-73.98288,40.76672],[-73.98236,40.7674],[-73.9841,40.76813],[-73.98522,40.7686],[-73.98806,40.7698],[-73.99043,40.77079],[-73.99091,40.771],[-73.99378,40.77221],[-73.99342,40.77271],[-73.99333,40.77283],[-73.99333,40.77284],[-73.99359,40.7728],[-73.99373,40.77287],[-73.99383,40.77294],[-73.99416,40.7725],[-73.99434,40.77253],[-73.99612,40.77328]]]}},{"type":"Feature","id":"MN0501","properties":{"name":"Midtown South-Flatiron-Union Square","nta2020":"MN0501","borough":"Manhattan","source":"NYC DCP NTA2020"},"geometry":{"type":"Polygon","coordinates":[[[-73.98085,40.74776],[-73.9873,40.75046],[-73.98777,40.7498],[-73.99347,40.7522],[-73.9971,40.74721],[-73.99142,40.74481],[-73.99684,40.73737],[-73.9899,40.73444],[-73.98988,40.73542],[-73.98408,40.74333],[-73.98085,40.74776]]]}},{"type":"Feature","id":"MN0502","properties":{"name":"Midtown-Times Square","nta2020":"MN0502","borough":"Manhattan","source":"NYC DCP NTA2020"},"geometry":{"type":"Polygon","coordinates":[[[-73.97302,40.76429],[-73.97364,40.76458],[-73.98149,40.76789],[-73.98211,40.76775],[-73.98236,40.7674],[-73.98288,40.76672],[-73.99163,40.75472],[-73.99347,40.7522],[-73.98777,40.7498],[-73.9873,40.75046],[-73.98085,40.74776],[-73.97768,40.75213],[-73.97835,40.75242],[-73.97652,40.75498],[-73.97581,40.75469],[-73.9698,40.76292],[-73.97302,40.76429]]]}},{"type":"Feature","id":"MN0601","properties":{"name":"Stuyvesant Town-Peter Cooper Village","nta2020":"MN0601","borough":"Manhattan","source":"NYC DCP NTA2020"},"geometry":{"type":"Polygon","coordinates":[[[-73.97444,40.73533],[-73.97508,40.73538],[-73.97834,40.73673],[-73.97854,40.7369],[-73.97891,40.73617],[-73.98239,40.73142],[-73.98256,40.73136],[-73.97567,40.72847],[-73.97205,40.72689],[-73.9718,40.72672],[-73.97163,40.72664],[-73.97143,40.72849],[-73.97148,40.72926],[-73.97209,40.73013],[-73.97341,40.73129],[-73.97444,40.73533]]]}},{"type":"Feature","id":"MN0602","properties":{"name":"Gramercy","nta2020":"MN0602","borough":"Manhattan","source":"NYC DCP NTA2020"},"geometry":{"type":"Polygon","coordinates":[[[-73.97854,40.7369],[-73.97805,40.73756],[-73.98267,40.73951],[-73.98086,40.74198],[-73.98408,40.74333],[-73.98988,40.73542],[-73.9899,40.73444],[-73.98495,40.73236],[-73.98356,40.73178],[-73.98347,40.73174],[-73.98322,40.73163],[-73.98297,40.73153],[-73.98256,40.73136],[-73.98239,40.73142],[-73.97891,40.73617],[-73.97854,40.7369]]]}},{"type":"Feature","id":"MN0603","properties":{"name":"Murray Hill-Kips Bay","nta2020":"MN0603","borough":"Manhattan","source":"NYC DCP NTA2020"},"geometry":{"type":"Polygon","coordinates":[[[-73.96891,40.75012],[-73.9735,40.75207],[-73.97445,40.75077],[-73.97768,40.75213],[-73.98085,40.74776],[-73.98408,40.74333],[-73.98086,40.74198],[-73.98267,40.73951],[-73.97805,40.73756],[-73.97854,40.7369],[-73.97834,40.73673],[-73.97508,40.73538],[-73.97444,40.73533],[-73.97355,40.73495],[-73.97342,40.73538],[-73.97452,40.7359],[-73.97442,40.73642],[-73.97287,40.73578],[-73.97249,40.73581],[-73.97259,40.73678],[-73.97266,40.73923],[-73.97244,40.74003],[-73.97189,40.74273],[-73.97079,40.74441],[-73.96823,40.74738],[-73.96791,40.74798],[-73.96975,40.74884],[-73.96891,40.75012]]]}},{"type":"Feature","id":"MN0604","properties":{"name":"East Midtown-Turtle Bay","nta2020":"MN0604","borough":"Manhattan","source":"NYC DCP NTA2020"},"geometry":{"type":"Polygon","coordinates":[[[-73.96658,40.76156],[-73.9698,40.76292],[-73.97581,40.75469],[-73.97652,40.75498],[-73.97835,40.75242],[-73.97768,40.75213],[-73.97445,40.75077],[-73.9735,40.75207],[-73.96891,40.75012],[-73.96778,40.75163],[-73.96723,40.7527],[-73.96471,40.75173],[-73.96163,40.75516],[-73.96066,40.75593],[-73.95918,40.75786],[-73.95894,40.75834],[-73.96658,40.76156]]]}},{"type":"Feature","id":"MN0701","properties":{"name":"Upper West Side-Lincoln Square","nta2020":"MN0701","borough":"Manhattan","source":"NYC DCP NTA2020"},"geometry":{"type":"Polygon","coordinates":[[[-73.975,40.77754],[-73.98507,40.78179],[-73.98568,40.78032],[-73.988,40.78135],[-73.98892,40.78023],[-73.98887,40.7797],[-73.9904,40.77759],[-73.99093,40.77758],[-73.99239,40.77557],[-73.99262,40.77498],[-73.99394,40.77319],[-73.9961,40.77409],[-73.99624,40.7738],[-73.9943,40.77298],[-73.99383,40.77294],[-73.99373,40.77287],[-73.99359,40.7728],[-73.99333,40.77284],[-73.99333,40.77283],[-73.99342,40.77271],[-73.99378,40.77221],[-73.99366,40.77215],[-73.99091,40.771],[-73.99043,40.77079],[-73.98806,40.7698],[-73.98522,40.7686],[-73.9841,40.76813],[-73.98236,40.7674],[-73.98211,40.76775],[-73.98149,40.76789],[-73.98168,40.7684],[-73.975,40.77754]]]}},{"type":"Feature","id":"MN0702","properties":{"name":"Upper West Side (Central)","nta2020":"MN0702","borough":"Manhattan","source":"NYC DCP NTA2020"},"geometry":{"type":"Polygon","coordinates":[[[-73.96418,40.79237],[-73.96987,40.79474],[-73.96942,40.79537],[-73.9764,40.79828],[-73.98054,40.79247],[-73.98796,40.78178],[-73.988,40.78135],[-73.98568,40.78032],[-73.98507,40.78179],[-73.975,40.77754],[-73.96885,40.78598],[-73.96418,40.79237]]]}},{"type":"Feature","id":"MN0703","properties":{"name":"Upper West Side-Manhattan Valley","nta2020":"MN0703","borough":"Manhattan","source":"NYC DCP NTA2020"},"geometry":{"type":"Polygon","coordinates":[[[-73.95965,40.80116],[-73.96108,40.80181],[-73.9667,40.80418],[-73.97099,40.80575],[-73.97217,40.80433],[-73.97467,40.80082],[-73.9764,40.79828],[-73.96942,40.79537],[-73.96987,40.79474],[-73.96418,40.79237],[-73.95817,40.80059],[-73.95965,40.80116]]]}},{"type":"Feature","id":"MN0801","properties":{"name":"Upper East Side-Lenox Hill-Roosevelt Island","nta2020":"MN0801","borough":"Manhattan","source":"NYC DCP NTA2020"},"geometry":{"type":"MultiPolygon","coordinates":[[[[-73.9418,40.76906],[-73.94112,40.76942],[-73.94036,40.7705],[-73.9402,40.77114],[-73.94028,40.77296],[-73.94089,40.77238],[-73.94213,40.77204],[-73.94321,40.771],[-73.94472,40.76974],[-73.94525,40.76878],[-73.94585,40.76833],[-73.94909,40.76427],[-73.94997,40.76365],[-73.95163,40.76169],[-73.95209,40.76087],[-73.95298,40.75997],[-73.95366,40.75949],[-73.95566,40.7571],[-73.95846,40.75396],[-73.95902,40.7536],[-73.9595,40.75296],[-73.96001,40.75184],[-73.96069,40.75121],[-73.96154,40.74973],[-73.96096,40.74977],[-73.95792,40.75212],[-73.95693,40.75297],[-73.9552,40.75478],[-73.95507,40.75481],[-73.95254,40.7571],[-73.95209,40.758],[-73.95034,40.75987],[-73.94943,40.76056],[-73.94662,40.76387],[-73.94484,40.76583],[-73.94382,40.76723],[-73.94286,40.76831],[-73.9418,40.76906]]],[[[-73.9573,40.77429],[-73.95872,40.77234],[-73.95965,40.77107],[-73.96011,40.77044],[-73.9606,40.76976],[-73.96111,40.76907],[-73.96155,40.76844],[-73.96202,40.76782],[-73.96384,40.76532],[-73.9643,40.76469],[-73.96613,40.76219],[-73.96658,40.76156],[-73.96431,40.76061],[-73.96356,40.76029],[-73.96197,40.75963],[-73.95894,40.75834],[-73.95849,40.75855],[-73.95442,40.76219],[-73.95007,40.76703],[-73.94867,40.76887],[-73.94749,40.77012],[-73.94808,40.7704],[-73.95269,40.77235],[-73.9573,40.77429]]]]}},{"type":"Feature","id":"MN0802","properties":{"name":"Upper East Side-Carnegie Hill","nta2020":"MN0802","borough":"Manhattan","source":"NYC DCP NTA2020"},"geometry":{"type":"Polygon","coordinates":[[[-73.94933,40.7852],[-73.95578,40.78792],[-73.96042,40.78153],[-73.96373,40.77701],[-73.96844,40.77052],[-73.97302,40.76429],[-73.9698,40.76292],[-73.96658,40.76156],[-73.96613,40.76219],[-73.9643,40.76469],[-73.96384,40.76532],[-73.96202,40.76782],[-73.96155,40.76844],[-73.96111,40.76907],[-73.9606,40.76976],[-73.96011,40.77044],[-73.95965,40.77107],[-73.95872,40.77234],[-73.95634,40.77561],[-73.95541,40.77688],[-73.95495,40.77751],[-73.95304,40.78013],[-73.95258,40.78076],[-73.95212,40.78139],[-73.95074,40.78327],[-73.94983,40.78452],[-73.94933,40.7852]]]}},{"type":"Feature","id":"MN0803","properties":{"name":"Upper East Side-Yorkville","nta2020":"MN0803","borough":"Manhattan","source":"NYC DCP NTA2020"},"geometry":{"type":"MultiPolygon","coordinates":[[[[-73.93805,40.78084],[-73.93875,40.78105],[-73.93884,40.78061],[-73.93824,40.78027],[-73.93805,40.78084]]],[[[-73.94749,40.77012],[-73.94641,40.77128],[-73.94488,40.77258],[-73.94293,40.77468],[-73.9424,40.77574],[-73.942,40.77619],[-73.94208,40.77693],[-73.94246,40.77742],[-73.943,40.77886],[-73.94273,40.77927],[-73.94214,40.77941],[-73.94247,40.78004],[-73.94344,40.77977],[-73.94388,40.78154],[-73.94365,40.78266],[-73.94406,40.78297],[-73.94472,40.78326],[-73.94592,40.78376],[-73.94645,40.78398],[-73.94709,40.78425],[-73.94784,40.78457],[-73.94878,40.78497],[-73.94933,40.7852],[-73.94983,40.78452],[-73.95074,40.78327],[-73.95212,40.78139],[-73.95258,40.78076],[-73.95304,40.78013],[-73.95495,40.77751],[-73.95541,40.77688],[-73.9573,40.77429],[-73.95269,40.77235],[-73.94808,40.7704],[-73.94749,40.77012]]]]}},{"type":"Feature","id":"MN0901","properties":{"name":"Morningside Heights","nta2020":"MN0901","borough":"Manhattan","source":"NYC DCP NTA2020"},"geometry":{"type":"Polygon","coordinates":[[[-73.9521,40.81145],[-73.95408,40.81229],[-73.95571,40.81415],[-73.95626,40.8134],[-73.95949,40.81702],[-73.9619,40.81806],[-73.96203,40.81809],[-73.96341,40.81669],[-73.96433,40.81552],[-73.96511,40.81428],[-73.96663,40.81216],[-73.96885,40.80876],[-73.97111,40.8058],[-73.97099,40.80575],[-73.9667,40.80418],[-73.96108,40.80181],[-73.95965,40.80116],[-73.95825,40.80311],[-73.95829,40.80522],[-73.95772,40.8063],[-73.95497,40.81007],[-73.95358,40.80948],[-73.9521,40.81145]]]}},{"type":"Feature","id":"MN0902","properties":{"name":"Manhattanville-West Harlem","nta2020":"MN0902","borough":"Manhattan","source":"NYC DCP NTA2020"},"geometry":{"type":"Polygon","coordinates":[[[-73.94608,40.82127],[-73.94808,40.82212],[-73.94854,40.8215],[-73.94992,40.82208],[-73.95083,40.82084],[-73.9557,40.82288],[-73.95741,40.82328],[-73.95914,40.82433],[-73.9595,40.8236],[-73.95814,40.82303],[-73.95794,40.82278],[-73.95865,40.82191],[-73.95893,40.82272],[-73.9596,40.823],[-73.95991,40.82258],[-73.95923,40.8223],[-73.95882,40.82153],[-73.95982,40.82031],[-73.96,40.82039],[-73.96203,40.81809],[-73.9619,40.81806],[-73.95949,40.81702],[-73.95626,40.8134],[-73.95571,40.81415],[-73.95408,40.81229],[-73.9521,40.81145],[-73.95151,40.81202],[-73.95035,40.81317],[-73.94964,40.81409],[-73.94868,40.8157],[-73.94836,40.81638],[-73.94801,40.81712],[-73.94608,40.82127]]]}},{"type":"Feature","id":"MN0903","properties":{"name":"Hamilton Heights-Sugar Hill","nta2020":"MN0903","borough":"Manhattan","source":"NYC DCP NTA2020"},"geometry":{"type":"Polygon","coordinates":[[[-73.94035,40.83047],[-73.94593,40.83281],[-73.94828,40.83387],[-73.94934,40.83399],[-73.95021,40.83431],[-73.95095,40.83329],[-73.95119,40.83265],[-73.95219,40.83129],[-73.95359,40.82911],[-73.95454,40.82787],[-73.95504,40.82742],[-73.95632,40.82795],[-73.95695,40.82701],[-73.95726,40.82713],[-73.95914,40.82433],[-73.95741,40.82328],[-73.9557,40.82288],[-73.95083,40.82084],[-73.94992,40.82208],[-73.94854,40.8215],[-73.94808,40.82212],[-73.94608,40.82127],[-73.94516,40.82089],[-73.94461,40.82147],[-73.94351,40.82264],[-73.94324,40.82293],[-73.94293,40.82327],[-73.93969,40.82766],[-73.93925,40.8283],[-73.93864,40.82975],[-73.939,40.8299],[-73.93927,40.83001],[-73.93944,40.83008],[-73.93963,40.83016],[-73.94035,40.83047]]]}},{"type":"Feature","id":"MN1001","properties":{"name":"Harlem (South)","nta2020":"MN1001","borough":"Manhattan","source":"NYC DCP NTA2020"},"geometry":{"type":"Polygon","coordinates":[[[-73.94177,40.8071],[-73.94792,40.80969],[-73.95068,40.81085],[-73.9521,40.81145],[-73.95358,40.80948],[-73.95497,40.81007],[-73.95772,40.8063],[-73.95829,40.80522],[-73.95825,40.80311],[-73.95965,40.80116],[-73.95817,40.80059],[-73.95787,40.80052],[-73.94923,40.79688],[-73.94831,40.79814],[-73.9446,40.80323],[-73.9462,40.80391],[-73.94436,40.80642],[-73.94276,40.80575],[-73.94177,40.8071]]]}},{"type":"Feature","id":"MN1002","properties":{"name":"Harlem (North)","nta2020":"MN1002","borough":"Manhattan","source":"NYC DCP NTA2020"},"geometry":{"type":"Polygon","coordinates":[[[-73.93516,40.83269],[-73.93492,40.83524],[-73.93531,40.83549],[-73.93808,40.83337],[-73.93858,40.83291],[-73.9394,40.83153],[-73.93983,40.83106],[-73.93996,40.83084],[-73.94007,40.8305],[-73.94014,40.83038],[-73.93963,40.83016],[-73.93944,40.83008],[-73.93927,40.83001],[-73.939,40.8299],[-73.93864,40.82975],[-73.93896,40.82899],[-73.93925,40.8283],[-73.93969,40.82766],[-73.94293,40.82327],[-73.94324,40.82293],[-73.94351,40.82264],[-73.94461,40.82147],[-73.94516,40.82089],[-73.94608,40.82127],[-73.94801,40.81712],[-73.94836,40.81638],[-73.94868,40.8157],[-73.94964,40.81409],[-73.95035,40.81317],[-73.95151,40.81202],[-73.9521,40.81145],[-73.95068,40.81085],[-73.94792,40.80969],[-73.94177,40.8071],[-73.93715,40.81343],[-73.93708,40.81351],[-73.93669,40.81405],[-73.93623,40.81466],[-73.93487,40.81654],[-73.93408,40.81783],[-73.9343,40.81891],[-73.93444,40.81916],[-73.93445,40.81934],[-73.93446,40.81942],[-73.93447,40.81961],[-73.93448,40.81971],[-73.9344,40.81968],[-73.93431,40.81964],[-73.93412,40.81956],[-73.93397,40.81974],[-73.93412,40.82266],[-73.9343,40.82466],[-73.93443,40.82705],[-73.9347,40.82942],[-73.93483,40.82982],[-73.93516,40.83269]]]}},{"type":"Feature","id":"MN1101","properties":{"name":"East Harlem (South)","nta2020":"MN1101","borough":"Manhattan","source":"NYC DCP NTA2020"},"geometry":{"type":"Polygon","coordinates":[[[-73.93506,40.79169],[-73.93774,40.79282],[-73.93865,40.79157],[-73.94327,40.7935],[-73.94188,40.79541],[-73.94831,40.79814],[-73.94923,40.79688],[-73.95344,40.79109],[-73.95578,40.78792],[-73.94933,40.7852],[-73.94878,40.78497],[-73.94784,40.78457],[-73.94709,40.78425],[-73.94645,40.78398],[-73.94592,40.78376],[-73.94472,40.78326],[-73.94406,40.78297],[-73.94355,40.78291],[-73.94321,40.78338],[-73.94247,40.7839],[-73.93983,40.78526],[-73.93812,40.78719],[-73.93706,40.78942],[-73.93583,40.7911],[-73.93506,40.79169]]]}},{"type":"Feature","id":"MN1102","properties":{"name":"East Harlem (North)","nta2020":"MN1102","borough":"Manhattan","source":"NYC DCP NTA2020"},"geometry":{"type":"Polygon","coordinates":[[[-73.93506,40.79169],[-73.93349,40.79278],[-73.9302,40.7946],[-73.92928,40.79586],[-73.92904,40.79677],[-73.9289,40.79986],[-73.92904,40.80109],[-73.92998,40.8032],[-73.93116,40.80498],[-73.93356,40.80761],[-73.93412,40.80866],[-73.93434,40.80957],[-73.93428,40.81083],[-73.93398,40.81282],[-73.93386,40.81449],[-73.93379,40.81716],[-73.93383,40.8195],[-73.93412,40.81956],[-73.93431,40.81964],[-73.9344,40.81968],[-73.93448,40.81971],[-73.93447,40.81961],[-73.93446,40.81942],[-73.93445,40.81934],[-73.93444,40.81916],[-73.9343,40.81891],[-73.93408,40.81783],[-73.93487,40.81654],[-73.93623,40.81466],[-73.93669,40.81405],[-73.93708,40.81351],[-73.93715,40.81343],[-73.94177,40.8071],[-73.94276,40.80575],[-73.94436,40.80642],[-73.9462,40.80391],[-73.9446,40.80323],[-73.94831,40.79814],[-73.94188,40.79541],[-73.94327,40.7935],[-73.93865,40.79157],[-73.93774,40.79282],[-73.93506,40.79169]]]}},{"type":"Feature","id":"MN1201","properties":{"name":"Washington Heights (South)","nta2020":"MN1201","borough":"Manhattan","source":"NYC DCP NTA2020"},"geometry":{"type":"Polygon","coordinates":[[[-73.93139,40.84744],[-73.9364,40.84955],[-73.93767,40.8484],[-73.93804,40.84757],[-73.94206,40.84833],[-73.94389,40.84821],[-73.94319,40.84976],[-73.94697,40.85047],[-73.94705,40.85023],[-73.94672,40.84924],[-73.94662,40.84829],[-73.94679,40.84701],[-73.94635,40.84616],[-73.94617,40.8454],[-73.94613,40.8439],[-73.94738,40.84195],[-73.94843,40.83987],[-73.94954,40.83689],[-73.94974,40.83564],[-73.95021,40.83431],[-73.94934,40.83399],[-73.94828,40.83387],[-73.94593,40.83281],[-73.94035,40.83047],[-73.94037,40.83156],[-73.93941,40.8331],[-73.93823,40.83407],[-73.93796,40.83442],[-73.93638,40.83786],[-73.93522,40.83902],[-73.93501,40.83951],[-73.93511,40.84019],[-73.9356,40.84118],[-73.93557,40.84172],[-73.93139,40.84744]]]}},{"type":"Feature","id":"MN1202","properties":{"name":"Washington Heights (North)","nta2020":"MN1202","borough":"Manhattan","source":"NYC DCP NTA2020"},"geometry":{"type":"Polygon","coordinates":[[[-73.93139,40.84744],[-73.93062,40.84849],[-73.92977,40.84812],[-73.92898,40.84926],[-73.92825,40.84985],[-73.92748,40.8507],[-73.92708,40.85144],[-73.92703,40.85221],[-73.9277,40.8525],[-73.92469,40.85665],[-73.92464,40.85706],[-73.925,40.85789],[-73.92555,40.85821],[-73.92654,40.85795],[-73.92712,40.85812],[-73.92677,40.85892],[-73.92592,40.85951],[-73.92529,40.86013],[-73.92509,40.86051],[-73.92493,40.8613],[-73.92474,40.8616],[-73.92727,40.86554],[-73.93151,40.86904],[-73.93157,40.86959],[-73.93229,40.86921],[-73.93243,40.86758],[-73.93402,40.86504],[-73.9356,40.86297],[-73.93648,40.86193],[-73.93756,40.86009],[-73.93831,40.85939],[-73.93911,40.85805],[-73.94029,40.85665],[-73.94187,40.85388],[-73.94303,40.85263],[-73.94401,40.85201],[-73.94498,40.85174],[-73.94608,40.85099],[-73.94652,40.85098],[-73.94697,40.85047],[-73.94319,40.84976],[-73.94389,40.84821],[-73.94206,40.84833],[-73.93804,40.84757],[-73.93767,40.8484],[-73.9364,40.84955],[-73.93139,40.84744]]]}},{"type":"Feature","id":"MN1203","properties":{"name":"Inwood","nta2020":"MN1203","borough":"Manhattan","source":"NYC DCP NTA2020"},"geometry":{"type":"Polygon","coordinates":[[[-73.92235,40.85569],[-73.92238,40.85659],[-73.92115,40.85756],[-73.92094,40.85813],[-73.92124,40.85882],[-73.92187,40.85921],[-73.92159,40.86008],[-73.92132,40.86022],[-73.92065,40.85927],[-73.9195,40.8588],[-73.91878,40.85956],[-73.91844,40.86023],[-73.91709,40.86187],[-73.91611,40.8625],[-73.91535,40.86317],[-73.91535,40.86408],[-73.91509,40.86446],[-73.91454,40.86442],[-73.91392,40.86475],[-73.91255,40.86652],[-73.91273,40.86661],[-73.91185,40.86768],[-73.91103,40.86916],[-73.91072,40.87096],[-73.91044,40.87139],[-73.91065,40.8723],[-73.91152,40.87324],[-73.91237,40.87244],[-73.91401,40.87117],[-73.91843,40.87302],[-73.9197,40.87207],[-73.91926,40.87102],[-73.92153,40.86946],[-73.92235,40.86947],[-73.92382,40.86903],[-73.9262,40.86852],[-73.92873,40.86675],[-73.92727,40.86554],[-73.92477,40.86164],[-73.92408,40.86056],[-73.92289,40.85887],[-73.92277,40.8566],[-73.92288,40.85589],[-73.92235,40.85569]]]}},{"type":"Feature","id":"QN0101","properties":{"name":"Astoria (North)-Ditmars-Steinway","nta2020":"QN0101","borough":"Queens","source":"NYC DCP NTA2020"},"geometry":{"type":"Polygon","coordinates":[[[-73.90647,40.79019],[-73.90678,40.79038],[-73.90986,40.79095],[-73.91022,40.79047],[-73.91091,40.79005],[-73.91094,40.78976],[-73.91169,40.78958],[-73.91223,40.78919],[-73.9126,40.78938],[-73.91424,40.78786],[-73.91559,40.78644],[-73.91575,40.78612],[-73.91683,40.7852],[-73.91717,40.7842],[-73.91819,40.78394],[-73.91909,40.78338],[-73.91997,40.78264],[-73.91797,40.78126],[-73.92331,40.77689],[-73.92376,40.77656],[-73.92303,40.77539],[-73.92334,40.77514],[-73.92398,40.77462],[-73.92217,40.77356],[-73.91871,40.77109],[-73.91815,40.77071],[-73.9177,40.7704],[-73.91808,40.77007],[-73.91726,40.76986],[-73.91683,40.7698],[-73.91488,40.76948],[-73.91389,40.76933],[-73.91292,40.76917],[-73.91194,40.76902],[-73.91094,40.76886],[-73.90998,40.76871],[-73.90901,40.76856],[-73.90577,40.76804],[-73.90555,40.76798],[-73.90532,40.76791],[-73.90447,40.76759],[-73.90414,40.76753],[-73.90387,40.7675],[-73.90251,40.76749],[-73.90066,40.76722],[-73.89433,40.76615],[-73.89408,40.76634],[-73.89401,40.76639],[-73.89386,40.76643],[-73.89324,40.76634],[-73.89286,40.76631],[-73.89246,40.76629],[-73.89184,40.76629],[-73.89109,40.76634],[-73.89107,40.76628],[-73.89104,40.7662],[-73.891,40.76613],[-73.89089,40.76587],[-73.89072,40.7659],[-73.89043,40.76597],[-73.88995,40.76611],[-73.88919,40.76631],[-73.88837,40.76678],[-73.88781,40.7669],[-73.88773,40.76692],[-73.88782,40.76721],[-73.88813,40.76827],[-73.88822,40.7686],[-73.88869,40.76899],[-73.88941,40.77299],[-73.88946,40.77354],[-73.88989,40.77403],[-73.88947,40.77554],[-73.89003,40.77726],[-73.89009,40.77779],[-73.89177,40.7766],[-73.89252,40.77741],[-73.8912,40.77857],[-73.89167,40.7795],[-73.89254,40.77978],[-73.89159,40.78066],[-73.8917,40.78089],[-73.8938,40.78238],[-73.89478,40.78226],[-73.89607,40.78317],[-73.89866,40.782],[-73.89948,40.78218],[-73.90129,40.78187],[-73.90204,40.78121],[-73.90218,40.78037],[-73.90268,40.78036],[-73.90217,40.7818],[-73.90115,40.78272],[-73.89886,40.78281],[-73.89583,40.78523],[-73.89694,40.78663],[-73.89962,40.78841],[-73.90033,40.78902],[-73.9017,40.78933],[-73.90647,40.79019]]]}},{"type":"Feature","id":"QN0102","properties":{"name":"Old Astoria-Hallets Point","nta2020":"QN0102","borough":"Queens","source":"NYC DCP NTA2020"},"geometry":{"type":"Polygon","coordinates":[[[-73.92398,40.77462],[-73.92785,40.77673],[-73.92988,40.77623],[-73.93063,40.7766],[-73.93105,40.77745],[-73.93179,40.77788],[-73.93381,40.77811],[-73.93508,40.77795],[-73.93586,40.77722],[-73.93638,40.77693],[-73.93766,40.77509],[-73.93786,40.7741],[-73.93747,40.77254],[-73.93481,40.77174],[-73.93453,40.77119],[-73.93448,40.77042],[-73.93504,40.76969],[-73.93577,40.76906],[-73.93593,40.76779],[-73.93619,40.7677],[-73.93037,40.7645],[-73.92647,40.76928],[-73.92781,40.7699],[-73.92449,40.77406],[-73.92398,40.77462]]]}},{"type":"Feature","id":"QN0103","properties":{"name":"Astoria (Central)","nta2020":"QN0103","borough":"Queens","source":"NYC DCP NTA2020"},"geometry":{"type":"Polygon","coordinates":[[[-73.91194,40.76902],[-73.91292,40.76917],[-73.91389,40.76933],[-73.91488,40.76948],[-73.91683,40.7698],[-73.91726,40.76986],[-73.91808,40.77007],[-73.9177,40.7704],[-73.91815,40.77071],[-73.91871,40.77109],[-73.92217,40.77356],[-73.92279,40.77397],[-73.92398,40.77462],[-73.92449,40.77406],[-73.92781,40.7699],[-73.92647,40.76928],[-73.93037,40.7645],[-73.93134,40.76328],[-73.92944,40.76239],[-73.93055,40.76123],[-73.92965,40.76081],[-73.93215,40.75772],[-73.92416,40.75397],[-73.9198,40.75936],[-73.91579,40.76428],[-73.91499,40.7639],[-73.9137,40.76549],[-73.9145,40.76586],[-73.91194,40.76902]]]}},{"type":"Feature","id":"QN0104","properties":{"name":"Astoria (East)-Woodside (North)","nta2020":"QN0104","borough":"Queens","source":"NYC DCP NTA2020"},"geometry":{"type":"Polygon","coordinates":[[[-73.89877,40.75992],[-73.90153,40.75964],[-73.90167,40.7608],[-73.90218,40.76267],[-73.90351,40.76586],[-73.90218,40.76732],[-73.90251,40.76749],[-73.90387,40.7675],[-73.90414,40.76753],[-73.90447,40.76759],[-73.90532,40.76791],[-73.90555,40.76798],[-73.90577,40.76804],[-73.90901,40.76856],[-73.90998,40.76871],[-73.91094,40.76886],[-73.91194,40.76902],[-73.9145,40.76586],[-73.9137,40.76549],[-73.91499,40.7639],[-73.91579,40.76428],[-73.9198,40.75936],[-73.92416,40.75397],[-73.92563,40.75215],[-73.91892,40.75364],[-73.91763,40.75387],[-73.91651,40.7539],[-73.91447,40.75368],[-73.91354,40.75348],[-73.91068,40.753],[-73.91023,40.75298],[-73.90669,40.75332],[-73.89874,40.75416],[-73.89886,40.75472],[-73.89959,40.75656],[-73.89974,40.75746],[-73.8995,40.75851],[-73.89877,40.75992]]]}},{"type":"Feature","id":"QN0105","properties":{"name":"Queensbridge-Ravenswood-Dutch Kills","nta2020":"QN0105","borough":"Queens","source":"NYC DCP NTA2020"},"geometry":{"type":"Polygon","coordinates":[[[-73.93453,40.77119],[-73.93501,40.77117],[-73.93515,40.77055],[-73.9347,40.77043],[-73.93524,40.76969],[-73.93574,40.76938],[-73.93617,40.76952],[-73.93682,40.76891],[-73.93747,40.76896],[-73.9382,40.76871],[-73.93896,40.76797],[-73.93984,40.768],[-73.94131,40.76693],[-73.9435,40.76451],[-73.94571,40.7615],[-73.94597,40.7613],[-73.95084,40.75523],[-73.94488,40.75261],[-73.94402,40.75236],[-73.93812,40.74984],[-73.93791,40.74937],[-73.93686,40.74843],[-73.93539,40.74942],[-73.9361,40.74974],[-73.93474,40.75099],[-73.93383,40.75161],[-73.93228,40.75196],[-73.92647,40.75208],[-73.92563,40.75215],[-73.92416,40.75397],[-73.93215,40.75772],[-73.92965,40.76081],[-73.93055,40.76123],[-73.92944,40.76239],[-73.93134,40.76328],[-73.93037,40.7645],[-73.93619,40.7677],[-73.93593,40.76779],[-73.93577,40.76906],[-73.93504,40.76969],[-73.93448,40.77042],[-73.93453,40.77119]]]}},{"type":"Feature","id":"QN0201","properties":{"name":"Long Island City-Hunters Point","nta2020":"QN0201","borough":"Queens","source":"NYC DCP NTA2020"},"geometry":{"type":"Polygon","coordinates":[[[-73.93686,40.74843],[-73.93791,40.74937],[-73.93812,40.74984],[-73.94402,40.75236],[-73.94488,40.75261],[-73.95084,40.75523],[-73.95132,40.75459],[-73.95293,40.75277],[-73.9545,40.75123],[-73.95452,40.75059],[-73.95507,40.74964],[-73.95576,40.7496],[-73.95632,40.74909],[-73.95479,40.74844],[-73.95306,40.7481],[-73.95319,40.74774],[-73.95486,40.74805],[-73.95704,40.74893],[-73.95845,40.74711],[-73.95915,40.74601],[-73.95924,40.74532],[-73.95876,40.74495],[-73.95904,40.74444],[-73.95963,40.74394],[-73.96052,40.74411],[-73.96057,40.74404],[-73.95971,40.74387],[-73.95978,40.74351],[-73.96065,40.7434],[-73.96155,40.742],[-73.96108,40.74163],[-73.96122,40.74112],[-73.96181,40.74111],[-73.96179,40.74002],[-73.96221,40.74001],[-73.96262,40.73904],[-73.96217,40.73828],[-73.96073,40.73809],[-73.95747,40.73955],[-73.95479,40.73982],[-73.9538,40.73983],[-73.95192,40.7395],[-73.95034,40.73902],[-73.94715,40.73791],[-73.94548,40.73822],[-73.94329,40.73902],[-73.9429,40.73901],[-73.9416,40.73987],[-73.94119,40.7403],[-73.93965,40.74274],[-73.94002,40.74322],[-73.93859,40.74294],[-73.93911,40.74263],[-73.94028,40.74081],[-73.94036,40.74034],[-73.94146,40.73926],[-73.93868,40.73822],[-73.93726,40.74518],[-73.9377,40.74525],[-73.94032,40.74441],[-73.9442,40.74289],[-73.94401,40.74365],[-73.94343,40.74424],[-73.94272,40.74459],[-73.94033,40.74542],[-73.93664,40.74821],[-73.93686,40.74843]]]}},{"type":"Feature","id":"QN0202","properties":{"name":"Sunnyside","nta2020":"QN0202","borough":"Queens","source":"NYC DCP NTA2020"},"geometry":{"type":"Polygon","coordinates":[[[-73.90971,40.74976],[-73.91349,40.75021],[-73.91541,40.75012],[-73.92034,40.74917],[-73.9208,40.7469],[-73.92677,40.7476],[-73.93029,40.74691],[-73.9344,40.74604],[-73.9377,40.74525],[-73.93726,40.74518],[-73.93868,40.73822],[-73.94146,40.73926],[-73.94256,40.73903],[-73.94258,40.73882],[-73.9454,40.73778],[-73.94593,40.73751],[-73.94378,40.73678],[-73.9418,40.73597],[-73.94087,40.73508],[-73.94007,40.73377],[-73.94017,40.73349],[-73.93954,40.73252],[-73.93911,40.73139],[-73.93805,40.73052],[-73.93648,40.72969],[-73.93453,40.72911],[-73.9313,40.72873],[-73.9291,40.72821],[-73.92849,40.72777],[-73.92791,40.72826],[-73.92653,40.72796],[-73.92645,40.72813],[-73.9248,40.72754],[-73.92333,40.72688],[-73.92176,40.7264],[-73.91837,40.72594],[-73.91797,40.72851],[-73.91752,40.73101],[-73.91732,40.73145],[-73.91902,40.7321],[-73.91882,40.73322],[-73.91835,40.73316],[-73.91749,40.73543],[-73.9169,40.73545],[-73.91652,40.73677],[-73.91718,40.73691],[-73.91651,40.73895],[-73.9163,40.73908],[-73.91574,40.7408],[-73.91444,40.74054],[-73.91383,40.74242],[-73.91199,40.7422],[-73.91125,40.74579],[-73.91245,40.74593],[-73.91188,40.74823],[-73.91164,40.74869],[-73.91015,40.74853],[-73.90971,40.74976]]]}},{"type":"Feature","id":"QN0203","properties":{"name":"Woodside","nta2020":"QN0203","borough":"Queens","source":"NYC DCP NTA2020"},"geometry":{"type":"Polygon","coordinates":[[[-73.89565,40.74848],[-73.89636,40.74878],[-73.89708,40.74995],[-73.89748,40.75116],[-73.89761,40.75212],[-73.89793,40.75295],[-73.89874,40.75416],[-73.90669,40.75332],[-73.91023,40.75298],[-73.91034,40.75269],[-73.90944,40.75076],[-73.90971,40.74976],[-73.91015,40.74853],[-73.91164,40.74869],[-73.91188,40.74823],[-73.91245,40.74593],[-73.91125,40.74579],[-73.91199,40.7422],[-73.90756,40.74167],[-73.90832,40.73864],[-73.90856,40.73794],[-73.90991,40.73501],[-73.91069,40.73348],[-73.90629,40.73241],[-73.90569,40.73392],[-73.90602,40.73402],[-73.90517,40.73587],[-73.9047,40.73569],[-73.90108,40.73392],[-73.90017,40.7348],[-73.89943,40.73507],[-73.89831,40.7352],[-73.89603,40.73503],[-73.8951,40.73503],[-73.89348,40.73461],[-73.89233,40.73448],[-73.8891,40.7346],[-73.88852,40.73454],[-73.88936,40.73585],[-73.89137,40.73607],[-73.88754,40.73677],[-73.88725,40.73884],[-73.89469,40.74024],[-73.89089,40.7407],[-73.89169,40.74215],[-73.89565,40.74848]]]}},{"type":"Feature","id":"QN0301","properties":{"name":"Jackson Heights","nta2020":"QN0301","borough":"Queens","source":"NYC DCP NTA2020"},"geometry":{"type":"Polygon","coordinates":[[[-73.87366,40.75681],[-73.87514,40.75664],[-73.87602,40.76145],[-73.87896,40.76199],[-73.8864,40.76122],[-73.88709,40.76502],[-73.88754,40.76633],[-73.88767,40.76675],[-73.88771,40.76685],[-73.88773,40.76692],[-73.88837,40.76678],[-73.88836,40.76671],[-73.88834,40.76661],[-73.88877,40.76652],[-73.88919,40.76631],[-73.88995,40.76611],[-73.89043,40.76597],[-73.89072,40.7659],[-73.89089,40.76587],[-73.891,40.76613],[-73.89104,40.7662],[-73.89107,40.76628],[-73.89109,40.76634],[-73.89184,40.76629],[-73.89246,40.76629],[-73.89286,40.76631],[-73.89324,40.76634],[-73.89386,40.76643],[-73.89401,40.76639],[-73.89408,40.76634],[-73.89433,40.76615],[-73.89443,40.76602],[-73.8945,40.76593],[-73.89461,40.76572],[-73.8952,40.76424],[-73.89632,40.76336],[-73.89715,40.76227],[-73.89877,40.75992],[-73.8995,40.75851],[-73.89974,40.75746],[-73.89959,40.75656],[-73.89886,40.75472],[-73.89874,40.75416],[-73.89793,40.75295],[-73.89761,40.75212],[-73.89748,40.75116],[-73.89708,40.74995],[-73.89636,40.74878],[-73.89565,40.74848],[-73.89241,40.74714],[-73.89175,40.74682],[-73.86943,40.74917],[-73.87084,40.75155],[-73.87366,40.75681]]]}},{"type":"Feature","id":"QN0302","properties":{"name":"East Elmhurst","nta2020":"QN0302","borough":"Queens","source":"NYC DCP NTA2020"},"geometry":{"type":"Polygon","coordinates":[[[-73.85464,40.75847],[-73.85525,40.75916],[-73.85604,40.75973],[-73.85851,40.76087],[-73.85976,40.76184],[-73.85956,40.76198],[-73.86094,40.76374],[-73.86293,40.76611],[-73.86427,40.76744],[-73.86598,40.76887],[-73.868,40.77026],[-73.86883,40.77074],[-73.87026,40.77137],[-73.87129,40.77165],[-73.8726,40.77184],[-73.87383,40.77188],[-73.87553,40.77174],[-73.877,40.77143],[-73.87806,40.77108],[-73.87952,40.77044],[-73.88239,40.76887],[-73.88432,40.76799],[-73.88623,40.76734],[-73.88687,40.76715],[-73.88765,40.76694],[-73.88773,40.76692],[-73.88771,40.76685],[-73.88767,40.76675],[-73.88754,40.76633],[-73.88709,40.76502],[-73.8864,40.76122],[-73.87896,40.76199],[-73.87602,40.76145],[-73.87514,40.75664],[-73.87366,40.75681],[-73.86568,40.75764],[-73.86462,40.7577],[-73.85856,40.75792],[-73.85464,40.75847]]]}},{"type":"Feature","id":"QN0303","properties":{"name":"North Corona","nta2020":"QN0303","borough":"Queens","source":"NYC DCP NTA2020"},"geometry":{"type":"Polygon","coordinates":[[[-73.85221,40.75267],[-73.85262,40.75341],[-73.85301,40.75456],[-73.85335,40.75602],[-73.85372,40.75698],[-73.85464,40.75847],[-73.85856,40.75792],[-73.86462,40.7577],[-73.86568,40.75764],[-73.87366,40.75681],[-73.87084,40.75155],[-73.86943,40.74917],[-73.86752,40.74938],[-73.86112,40.75003],[-73.85221,40.75267]]]}},{"type":"Feature","id":"QN0401","properties":{"name":"Elmhurst","nta2020":"QN0401","borough":"Queens","source":"NYC DCP NTA2020"},"geometry":{"type":"Polygon","coordinates":[[[-73.86462,40.73429],[-73.86583,40.73665],[-73.86756,40.74095],[-73.86749,40.74331],[-73.86844,40.74704],[-73.86853,40.7476],[-73.86943,40.74917],[-73.89175,40.74682],[-73.89241,40.74714],[-73.89565,40.74848],[-73.89169,40.74215],[-73.89089,40.7407],[-73.89469,40.74024],[-73.88725,40.73884],[-73.88754,40.73677],[-73.89137,40.73607],[-73.88936,40.73585],[-73.88852,40.73454],[-73.88806,40.7301],[-73.88756,40.73021],[-73.88729,40.72926],[-73.88721,40.72788],[-73.88508,40.72844],[-73.88107,40.72878],[-73.87972,40.7291],[-73.8771,40.73014],[-73.87524,40.73073],[-73.86835,40.73308],[-73.86592,40.73377],[-73.86462,40.73429]]]}},{"type":"Feature","id":"QN0402","properties":{"name":"Corona","nta2020":"QN0402","borough":"Queens","source":"NYC DCP NTA2020"},"geometry":{"type":"Polygon","coordinates":[[[-73.84756,40.73907],[-73.84779,40.73984],[-73.8481,40.74004],[-73.85012,40.74073],[-73.85361,40.74751],[-73.85443,40.74886],[-73.85087,40.75],[-73.85221,40.75267],[-73.86112,40.75003],[-73.86752,40.74938],[-73.86943,40.74917],[-73.86853,40.7476],[-73.86844,40.74704],[-73.86749,40.74331],[-73.86756,40.74095],[-73.86583,40.73665],[-73.86462,40.73429],[-73.85943,40.7358],[-73.85877,40.73579],[-73.85632,40.73651],[-73.85509,40.73681],[-73.85278,40.73722],[-73.85135,40.7376],[-73.84864,40.73857],[-73.84756,40.73907]]]}},{"type":"Feature","id":"QN0501","properties":{"name":"Maspeth","nta2020":"QN0501","borough":"Queens","source":"NYC DCP NTA2020"},"geometry":{"type":"Polygon","coordinates":[[[-73.88852,40.73454],[-73.8891,40.7346],[-73.89233,40.73448],[-73.89348,40.73461],[-73.8951,40.73503],[-73.89603,40.73503],[-73.89831,40.7352],[-73.89943,40.73507],[-73.90017,40.7348],[-73.90108,40.73392],[-73.90518,40.72896],[-73.90707,40.72747],[-73.91013,40.72933],[-73.91173,40.72997],[-73.91201,40.72924],[-73.91205,40.72855],[-73.91505,40.72861],[-73.91507,40.72798],[-73.91797,40.72851],[-73.91837,40.72594],[-73.92176,40.7264],[-73.92333,40.72688],[-73.9248,40.72754],[-73.92645,40.72813],[-73.92653,40.72796],[-73.92791,40.72826],[-73.92849,40.72777],[-73.92656,40.72568],[-73.9253,40.72474],[-73.92419,40.72428],[-73.92269,40.72425],[-73.92037,40.72369],[-73.92072,40.72333],[-73.92218,40.72372],[-73.92452,40.72356],[-73.92509,40.72248],[-73.92488,40.72194],[-73.92425,40.72144],[-73.92423,40.72092],[-73.92386,40.72021],[-73.92393,40.71904],[-73.92347,40.71814],[-73.9228,40.71754],[-73.92224,40.71639],[-73.92061,40.71604],[-73.92064,40.71578],[-73.92233,40.71608],[-73.92353,40.71562],[-73.92412,40.71515],[-73.92368,40.71409],[-73.92404,40.71402],[-73.90608,40.71291],[-73.89507,40.71249],[-73.89554,40.71381],[-73.8975,40.71639],[-73.89882,40.71738],[-73.89727,40.71816],[-73.89835,40.71921],[-73.89985,40.71838],[-73.90034,40.71868],[-73.90063,40.71977],[-73.90009,40.72019],[-73.89737,40.72047],[-73.8974,40.72156],[-73.89982,40.72125],[-73.90011,40.72332],[-73.89903,40.72387],[-73.89835,40.72312],[-73.89583,40.72391],[-73.8957,40.72342],[-73.89451,40.72314],[-73.89497,40.72283],[-73.89428,40.72178],[-73.89474,40.72159],[-73.89286,40.71922],[-73.89458,40.71839],[-73.89424,40.71793],[-73.89116,40.71947],[-73.88164,40.72389],[-73.88259,40.72509],[-73.88618,40.72462],[-73.88708,40.72465],[-73.88721,40.7262],[-73.88721,40.72788],[-73.88729,40.72926],[-73.88756,40.73021],[-73.88806,40.7301],[-73.88852,40.73454]]]}},{"type":"Feature","id":"QN0502","properties":{"name":"Ridgewood","nta2020":"QN0502","borough":"Queens","source":"NYC DCP NTA2020"},"geometry":{"type":"Polygon","coordinates":[[[-73.89507,40.71249],[-73.90608,40.71291],[-73.92404,40.71402],[-73.92224,40.71286],[-73.92155,40.71105],[-73.92075,40.71054],[-73.92189,40.7094],[-73.91181,40.70344],[-73.91291,40.70237],[-73.91142,40.70149],[-73.91068,40.70105],[-73.91181,40.69996],[-73.90426,40.69571],[-73.9058,40.69414],[-73.9014,40.6916],[-73.9002,40.69341],[-73.90003,40.69345],[-73.89838,40.69614],[-73.89677,40.69681],[-73.89559,40.69714],[-73.89578,40.69852],[-73.89485,40.6986],[-73.895,40.69972],[-73.89384,40.70087],[-73.89105,40.70382],[-73.88912,40.70561],[-73.88653,40.70623],[-73.88555,40.70616],[-73.88553,40.70645],[-73.8893,40.70791],[-73.88938,40.70856],[-73.88822,40.70891],[-73.88862,40.70968],[-73.88785,40.7099],[-73.88813,40.71035],[-73.88731,40.71057],[-73.88842,40.71228],[-73.89507,40.71249]]]}},{"type":"Feature","id":"QN0503","properties":{"name":"Glendale","nta2020":"QN0503","borough":"Queens","source":"NYC DCP NTA2020"},"geometry":{"type":"Polygon","coordinates":[[[-73.85729,40.71148],[-73.85976,40.71185],[-73.85966,40.71339],[-73.86501,40.71079],[-73.86662,40.71041],[-73.87018,40.70924],[-73.86911,40.7071],[-73.87154,40.70705],[-73.88088,40.70646],[-73.88377,40.7063],[-73.88553,40.70645],[-73.88555,40.70616],[-73.88653,40.70623],[-73.88912,40.70561],[-73.89105,40.70382],[-73.89384,40.70087],[-73.895,40.69972],[-73.89485,40.6986],[-73.89578,40.69852],[-73.89559,40.69714],[-73.89677,40.69681],[-73.89838,40.69614],[-73.90003,40.69345],[-73.89858,40.69391],[-73.89736,40.69412],[-73.89691,40.69385],[-73.89743,40.6933],[-73.89696,40.69196],[-73.89474,40.69265],[-73.89326,40.69221],[-73.89358,40.69309],[-73.89398,40.69308],[-73.89559,40.69399],[-73.89508,40.6946],[-73.89245,40.69523],[-73.89191,40.69432],[-73.88818,40.69507],[-73.88866,40.69584],[-73.88649,40.69645],[-73.88724,40.69689],[-73.88784,40.69767],[-73.88818,40.69887],[-73.88771,40.69969],[-73.88432,40.70021],[-73.88281,40.70069],[-73.88174,40.69954],[-73.87622,40.7016],[-73.8764,40.7023],[-73.86281,40.70342],[-73.85875,40.70298],[-73.85824,40.70284],[-73.85893,40.70133],[-73.85728,40.70122],[-73.85723,40.70166],[-73.8553,40.702],[-73.85529,40.7026],[-73.85252,40.7023],[-73.85306,40.70315],[-73.85471,40.70522],[-73.85472,40.70678],[-73.85594,40.7064],[-73.85668,40.7077],[-73.85729,40.71148]]]}},{"type":"Feature","id":"QN0504","properties":{"name":"Middle Village","nta2020":"QN0504","borough":"Queens","source":"NYC DCP NTA2020"},"geometry":{"type":"Polygon","coordinates":[[[-73.86548,40.72029],[-73.86929,40.72444],[-73.86971,40.72515],[-73.87093,40.72771],[-73.87146,40.72933],[-73.87524,40.73073],[-73.8771,40.73014],[-73.87972,40.7291],[-73.88107,40.72878],[-73.88508,40.72844],[-73.88721,40.72788],[-73.88721,40.7262],[-73.88708,40.72465],[-73.88618,40.72462],[-73.88259,40.72509],[-73.88164,40.72389],[-73.89116,40.71947],[-73.89424,40.71793],[-73.89302,40.71616],[-73.8927,40.71668],[-73.89165,40.71775],[-73.89065,40.71857],[-73.89064,40.71882],[-73.88844,40.71644],[-73.88725,40.71497],[-73.88712,40.71377],[-73.88774,40.71364],[-73.88685,40.71254],[-73.88688,40.71223],[-73.88508,40.71217],[-73.88006,40.71266],[-73.87908,40.71037],[-73.87873,40.71004],[-73.87761,40.70718],[-73.88086,40.70659],[-73.88088,40.70646],[-73.87154,40.70705],[-73.86911,40.7071],[-73.87018,40.70924],[-73.87032,40.70991],[-73.87155,40.71261],[-73.8717,40.71427],[-73.87209,40.716],[-73.87239,40.71784],[-73.87053,40.71817],[-73.86717,40.71965],[-73.86548,40.72029]]]}},{"type":"Feature","id":"QN0601","properties":{"name":"Rego Park","nta2020":"QN0601","borough":"Queens","source":"NYC DCP NTA2020"},"geometry":{"type":"Polygon","coordinates":[[[-73.85877,40.73579],[-73.85943,40.7358],[-73.86462,40.73429],[-73.86592,40.73377],[-73.86835,40.73308],[-73.87524,40.73073],[-73.87146,40.72933],[-73.87093,40.72771],[-73.86971,40.72515],[-73.86929,40.72444],[-73.86548,40.72029],[-73.86302,40.71772],[-73.86004,40.71494],[-73.85964,40.71402],[-73.85966,40.71339],[-73.85976,40.71185],[-73.85729,40.71148],[-73.85745,40.7137],[-73.85777,40.71646],[-73.85868,40.72262],[-73.85991,40.72435],[-73.86204,40.72597],[-73.85806,40.72445],[-73.85727,40.72569],[-73.85942,40.72647],[-73.85798,40.72874],[-73.85851,40.7303],[-73.85626,40.73097],[-73.85877,40.73579]]]}},{"type":"Feature","id":"QN0602","properties":{"name":"Forest Hills","nta2020":"QN0602","borough":"Queens","source":"NYC DCP NTA2020"},"geometry":{"type":"Polygon","coordinates":[[[-73.83098,40.71432],[-73.82983,40.71558],[-73.83348,40.71834],[-73.83479,40.71921],[-73.83538,40.72073],[-73.83596,40.72169],[-73.83732,40.72358],[-73.83906,40.72689],[-73.84033,40.72882],[-73.84147,40.73001],[-73.84286,40.73115],[-73.84419,40.73265],[-73.84543,40.73496],[-73.84606,40.73711],[-73.8469,40.73868],[-73.84756,40.73907],[-73.84864,40.73857],[-73.85135,40.7376],[-73.85278,40.73722],[-73.85509,40.73681],[-73.85632,40.73651],[-73.85877,40.73579],[-73.85626,40.73097],[-73.85851,40.7303],[-73.85798,40.72874],[-73.85942,40.72647],[-73.85727,40.72569],[-73.85806,40.72445],[-73.86204,40.72597],[-73.85991,40.72435],[-73.85868,40.72262],[-73.85777,40.71646],[-73.85745,40.7137],[-73.85729,40.71148],[-73.85668,40.7077],[-73.85594,40.7064],[-73.85472,40.70678],[-73.8511,40.70791],[-73.84951,40.70835],[-73.84858,40.70845],[-73.8469,40.70832],[-73.84567,40.70842],[-73.84454,40.70867],[-73.84315,40.70923],[-73.84134,40.70995],[-73.83806,40.71093],[-73.83598,40.71171],[-73.83372,40.71295],[-73.83098,40.71432]]]}},{"type":"Feature","id":"QN0701","properties":{"name":"College Point","nta2020":"QN0701","borough":"Queens","source":"NYC DCP NTA2020"},"geometry":{"type":"Polygon","coordinates":[[[-73.83839,40.79831],[-73.83924,40.79789],[-73.84042,40.79769],[-73.84014,40.79689],[-73.8406,40.79682],[-73.84191,40.79563],[-73.84289,40.7954],[-73.84343,40.79496],[-73.84452,40.79489],[-73.84561,40.79586],[-73.84625,40.79617],[-73.84782,40.79579],[-73.84871,40.79542],[-73.84879,40.79455],[-73.84908,40.79415],[-73.84886,40.7936],[-73.84934,40.79338],[-73.85159,40.79409],[-73.85262,40.79476],[-73.85277,40.7944],[-73.85353,40.79415],[-73.85374,40.7923],[-73.85298,40.79167],[-73.85267,40.7911],[-73.85445,40.79028],[-73.85479,40.78859],[-73.85433,40.78832],[-73.85284,40.78835],[-73.85326,40.78788],[-73.85429,40.78775],[-73.85593,40.7877],[-73.85635,40.78699],[-73.85701,40.78666],[-73.85816,40.78704],[-73.85866,40.78657],[-73.85857,40.78626],[-73.85913,40.78586],[-73.859,40.7852],[-73.85853,40.78522],[-73.85799,40.78469],[-73.85808,40.78373],[-73.85728,40.78337],[-73.85593,40.78333],[-73.85545,40.78315],[-73.85539,40.78208],[-73.85486,40.78195],[-73.85322,40.78207],[-73.85315,40.78233],[-73.85023,40.78242],[-73.84926,40.78228],[-73.84991,40.7811],[-73.8495,40.78007],[-73.8498,40.77878],[-73.84896,40.77797],[-73.8491,40.77579],[-73.84893,40.77557],[-73.84921,40.77456],[-73.84896,40.77375],[-73.84919,40.77311],[-73.84995,40.77207],[-73.84934,40.7712],[-73.8486,40.77063],[-73.84846,40.76979],[-73.849,40.76916],[-73.84862,40.76812],[-73.84821,40.76764],[-73.84781,40.76678],[-73.84723,40.76632],[-73.84652,40.7663],[-73.84528,40.76567],[-73.84395,40.7655],[-73.84268,40.76584],[-73.8397,40.7664],[-73.83926,40.76604],[-73.83821,40.76766],[-73.83758,40.76841],[-73.83722,40.76875],[-73.83681,40.76912],[-73.83627,40.76962],[-73.83551,40.77017],[-73.83522,40.77038],[-73.83438,40.7709],[-73.83343,40.77144],[-73.83326,40.77155],[-73.83313,40.77162],[-73.83244,40.77202],[-73.83159,40.77257],[-73.83113,40.77295],[-73.83054,40.77345],[-73.83022,40.77377],[-73.83016,40.77383],[-73.82919,40.77503],[-73.82897,40.77532],[-73.82896,40.77532],[-73.82888,40.77544],[-73.82853,40.77602],[-73.82824,40.77647],[-73.82568,40.78087],[-73.82529,40.78171],[-73.82514,40.78171],[-73.82499,40.78171],[-73.82463,40.78287],[-73.82384,40.78676],[-73.82359,40.78741],[-73.8235,40.78764],[-73.82259,40.78912],[-73.82251,40.79035],[-73.82287,40.79149],[-73.82369,40.79273],[-73.82404,40.79305],[-73.82417,40.79326],[-73.82555,40.79541],[-73.82569,40.79563],[-73.82671,40.79723],[-73.82703,40.79773],[-73.82708,40.79698],[-73.82891,40.79654],[-73.82864,40.79572],[-73.82802,40.79494],[-73.82779,40.7933],[-73.82806,40.79276],[-73.82911,40.79191],[-73.82978,40.79163],[-73.83061,40.79166],[-73.83139,40.79137],[-73.83174,40.79101],[-73.83215,40.79004],[-73.83178,40.78922],[-73.83212,40.78878],[-73.83293,40.78853],[-73.83378,40.78852],[-73.83409,40.78904],[-73.83519,40.78919],[-73.83555,40.78953],[-73.83633,40.78947],[-73.83723,40.78963],[-73.83751,40.79104],[-73.83732,40.7914],[-73.83662,40.79177],[-73.83663,40.79252],[-73.8384,40.79676],[-73.83904,40.79706],[-73.83997,40.79691],[-73.84026,40.7976],[-73.83919,40.79779],[-73.83839,40.79831]]]}},{"type":"Feature","id":"QN0702","properties":{"name":"Whitestone-Beechhurst","nta2020":"QN0702","borough":"Queens","source":"NYC DCP NTA2020"},"geometry":{"type":"Polygon","coordinates":[[[-73.80379,40.77562],[-73.80255,40.78468],[-73.80242,40.78603],[-73.7988,40.78588],[-73.79786,40.78585],[-73.79783,40.78585],[-73.79685,40.78592],[-73.79494,40.78628],[-73.79436,40.78647],[-73.7941,40.78657],[-73.7939,40.78664],[-73.7933,40.7869],[-73.79303,40.78702],[-73.79241,40.78729],[-73.79058,40.78814],[-73.79186,40.78931],[-73.79269,40.78879],[-73.79378,40.78913],[-73.79481,40.79137],[-73.79496,40.79191],[-73.79464,40.79311],[-73.79433,40.79354],[-73.79435,40.79443],[-73.7946,40.79495],[-73.79583,40.795],[-73.79811,40.79561],[-73.79859,40.79591],[-73.80066,40.79636],[-73.80239,40.79627],[-73.80348,40.79648],[-73.80461,40.79614],[-73.80537,40.79618],[-73.80594,40.79649],[-73.80636,40.7964],[-73.81182,40.79747],[-73.81179,40.79803],[-73.81254,40.79807],[-73.81288,40.79719],[-73.81364,40.79706],[-73.81365,40.79753],[-73.81596,40.79851],[-73.81649,40.79902],[-73.81739,40.7993],[-73.81913,40.80056],[-73.81982,40.80081],[-73.821,40.80048],[-73.8219,40.79974],[-73.82254,40.79897],[-73.82408,40.79796],[-73.82523,40.79731],[-73.82612,40.79728],[-73.82662,40.79779],[-73.82674,40.7978],[-73.82692,40.79776],[-73.82698,40.79775],[-73.82703,40.79773],[-73.82569,40.79563],[-73.82555,40.79541],[-73.82417,40.79326],[-73.82404,40.79305],[-73.82369,40.79273],[-73.82287,40.79149],[-73.82251,40.79035],[-73.82259,40.78912],[-73.8235,40.78764],[-73.82359,40.78741],[-73.82384,40.78676],[-73.82463,40.78287],[-73.82482,40.78226],[-73.82499,40.78171],[-73.82224,40.7817],[-73.82292,40.78054],[-73.82331,40.77959],[-73.81453,40.7789],[-73.81486,40.77649],[-73.80379,40.77562]]]}},{"type":"Feature","id":"QN0703","properties":{"name":"Bay Terrace-Clearview","nta2020":"QN0703","borough":"Queens","source":"NYC DCP NTA2020"},"geometry":{"type":"Polygon","coordinates":[[[-73.78172,40.79054],[-73.78175,40.79114],[-73.78252,40.79136],[-73.78318,40.79087],[-73.78384,40.79065],[-73.78568,40.79035],[-73.7875,40.79032],[-73.78931,40.79039],[-73.79028,40.79033],[-73.79186,40.78931],[-73.79058,40.78814],[-73.79241,40.78729],[-73.79303,40.78702],[-73.7933,40.7869],[-73.7939,40.78664],[-73.7941,40.78657],[-73.79436,40.78647],[-73.79494,40.78628],[-73.79685,40.78592],[-73.79783,40.78585],[-73.79786,40.78585],[-73.7988,40.78588],[-73.80242,40.78603],[-73.80255,40.78468],[-73.80379,40.77562],[-73.79853,40.7752],[-73.79823,40.77486],[-73.79786,40.77442],[-73.79758,40.77415],[-73.79742,40.77402],[-73.79724,40.7739],[-73.79673,40.77362],[-73.79653,40.77351],[-73.79572,40.77308],[-73.79566,40.77304],[-73.79557,40.77306],[-73.79499,40.77315],[-73.79365,40.77337],[-73.79227,40.774],[-73.79164,40.77425],[-73.79035,40.77458],[-73.78984,40.7747],[-73.78914,40.77486],[-73.78655,40.77557],[-73.78627,40.77565],[-73.78492,40.77605],[-73.78459,40.77615],[-73.78448,40.77618],[-73.78408,40.7763],[-73.7828,40.77667],[-73.78036,40.7774],[-73.77948,40.77767],[-73.77679,40.77842],[-73.77584,40.77862],[-73.77554,40.77703],[-73.77378,40.77756],[-73.7729,40.77781],[-73.76861,40.7791],[-73.76816,40.77813],[-73.76809,40.77815],[-73.76801,40.77817],[-73.76786,40.77821],[-73.76776,40.77824],[-73.76761,40.77831],[-73.76816,40.77941],[-73.76909,40.78054],[-73.77161,40.783],[-73.77408,40.78593],[-73.7741,40.7863],[-73.77796,40.78837],[-73.77966,40.78907],[-73.78121,40.7896],[-73.78172,40.79054]]]}},{"type":"Feature","id":"QN0704","properties":{"name":"Murray Hill-Broadway Flushing","nta2020":"QN0704","borough":"Queens","source":"NYC DCP NTA2020"},"geometry":{"type":"Polygon","coordinates":[[[-73.80379,40.77562],[-73.81486,40.77649],[-73.81453,40.7789],[-73.82331,40.77959],[-73.82292,40.78054],[-73.82224,40.7817],[-73.82499,40.78171],[-73.82514,40.78171],[-73.82529,40.78171],[-73.82568,40.78087],[-73.82824,40.77647],[-73.82853,40.77602],[-73.82888,40.77544],[-73.82896,40.77532],[-73.82897,40.77532],[-73.82919,40.77503],[-73.82973,40.77436],[-73.83016,40.77383],[-73.83022,40.77377],[-73.83054,40.77345],[-73.83113,40.77295],[-73.83159,40.77257],[-73.83152,40.77167],[-73.83059,40.77165],[-73.83055,40.77023],[-73.82957,40.77072],[-73.82657,40.77065],[-73.82656,40.77015],[-73.82467,40.77042],[-73.82348,40.76466],[-73.82081,40.75895],[-73.82064,40.75888],[-73.81227,40.76114],[-73.81105,40.76143],[-73.80952,40.76131],[-73.804,40.76028],[-73.8003,40.75971],[-73.79493,40.75781],[-73.79403,40.75774],[-73.79032,40.75783],[-73.79076,40.76099],[-73.79344,40.76077],[-73.79344,40.76161],[-73.79303,40.76463],[-73.79396,40.7647],[-73.79318,40.77041],[-73.79494,40.77241],[-73.79566,40.77304],[-73.79653,40.77351],[-73.79673,40.77362],[-73.79724,40.7739],[-73.79742,40.77402],[-73.79758,40.77415],[-73.79786,40.77442],[-73.79823,40.77486],[-73.79853,40.7752],[-73.80379,40.77562]]]}},{"type":"Feature","id":"QN0705","properties":{"name":"East Flushing","nta2020":"QN0705","borough":"Queens","source":"NYC DCP NTA2020"},"geometry":{"type":"Polygon","coordinates":[[[-73.79493,40.75781],[-73.8003,40.75971],[-73.804,40.76028],[-73.80952,40.76131],[-73.81105,40.76143],[-73.81227,40.76114],[-73.82064,40.75888],[-73.81789,40.75709],[-73.8203,40.75552],[-73.81841,40.75384],[-73.82085,40.75225],[-73.82192,40.75318],[-73.82427,40.75184],[-73.82109,40.74857],[-73.81782,40.74739],[-73.81575,40.74699],[-73.81537,40.74723],[-73.81416,40.74615],[-73.80751,40.75014],[-73.80288,40.74977],[-73.80275,40.74862],[-73.80294,40.74742],[-73.80335,40.74644],[-73.79826,40.74697],[-73.79736,40.74648],[-73.79624,40.74665],[-73.79508,40.74665],[-73.79458,40.74641],[-73.79472,40.74761],[-73.79705,40.74934],[-73.7973,40.74944],[-73.79472,40.75063],[-73.79458,40.75357],[-73.79493,40.75781]]]}},{"type":"Feature","id":"QN0706","properties":{"name":"Queensboro Hill","nta2020":"QN0706","borough":"Queens","source":"NYC DCP NTA2020"},"geometry":{"type":"Polygon","coordinates":[[[-73.81416,40.74615],[-73.81537,40.74723],[-73.81575,40.74699],[-73.81782,40.74739],[-73.82109,40.74857],[-73.82427,40.75184],[-73.82577,40.75098],[-73.82585,40.74936],[-73.82724,40.74987],[-73.82766,40.74987],[-73.82944,40.74921],[-73.83061,40.74903],[-73.8312,40.74875],[-73.83126,40.74811],[-73.833,40.74784],[-73.83309,40.748],[-73.83412,40.74737],[-73.83463,40.74689],[-73.83568,40.74486],[-73.83595,40.74374],[-73.83586,40.74324],[-73.83297,40.7426],[-73.83116,40.74235],[-73.83134,40.73918],[-73.83114,40.73857],[-73.83054,40.73753],[-73.82947,40.73703],[-73.82809,40.73709],[-73.82797,40.73851],[-73.82701,40.73858],[-73.82582,40.73913],[-73.82556,40.73946],[-73.82481,40.73964],[-73.82471,40.73984],[-73.82007,40.73884],[-73.81678,40.73839],[-73.81608,40.73887],[-73.81497,40.73857],[-73.81506,40.739],[-73.81322,40.73877],[-73.80467,40.73845],[-73.79822,40.73823],[-73.79641,40.73833],[-73.79641,40.7386],[-73.79728,40.74034],[-73.79723,40.7417],[-73.79695,40.74194],[-73.79947,40.74223],[-73.80447,40.74218],[-73.8073,40.742],[-73.80824,40.74202],[-73.81431,40.74298],[-73.81379,40.74456],[-73.81368,40.74556],[-73.81416,40.74615]]]}},{"type":"Feature","id":"QN0707","properties":{"name":"Flushing-Willets Point","nta2020":"QN0707","borough":"Queens","source":"NYC DCP NTA2020"},"geometry":{"type":"Polygon","coordinates":[[[-73.82064,40.75888],[-73.82081,40.75895],[-73.82348,40.76466],[-73.82467,40.77042],[-73.82656,40.77015],[-73.82657,40.77065],[-73.82957,40.77072],[-73.83055,40.77023],[-73.83059,40.77165],[-73.83152,40.77167],[-73.83159,40.77257],[-73.83244,40.77202],[-73.83313,40.77162],[-73.83326,40.77155],[-73.83343,40.77144],[-73.83438,40.7709],[-73.83522,40.77038],[-73.83551,40.77017],[-73.83627,40.76962],[-73.83681,40.76912],[-73.83691,40.76903],[-73.83722,40.76875],[-73.83758,40.76841],[-73.83821,40.76766],[-73.83926,40.76604],[-73.83958,40.76526],[-73.84053,40.7654],[-73.84231,40.76484],[-73.84299,40.76443],[-73.84307,40.7636],[-73.84412,40.76314],[-73.84523,40.76244],[-73.84671,40.76135],[-73.84597,40.76071],[-73.84325,40.75535],[-73.842,40.75572],[-73.83862,40.75705],[-73.83821,40.75526],[-73.83768,40.75414],[-73.83684,40.75335],[-73.83559,40.75139],[-73.8323,40.75195],[-73.83222,40.75143],[-73.8327,40.74931],[-73.83309,40.748],[-73.833,40.74784],[-73.83126,40.74811],[-73.8312,40.74875],[-73.83061,40.74903],[-73.82944,40.74921],[-73.82766,40.74987],[-73.82724,40.74987],[-73.82585,40.74936],[-73.82577,40.75098],[-73.82427,40.75184],[-73.82192,40.75318],[-73.82085,40.75225],[-73.81841,40.75384],[-73.8203,40.75552],[-73.81789,40.75709],[-73.82064,40.75888]]]}},{"type":"Feature","id":"QN0801","properties":{"name":"Kew Gardens Hills","nta2020":"QN0801","borough":"Queens","source":"NYC DCP NTA2020"},"geometry":{"type":"Polygon","coordinates":[[[-73.81497,40.73857],[-73.81608,40.73887],[-73.81678,40.73839],[-73.82007,40.73884],[-73.82471,40.73984],[-73.82481,40.73964],[-73.82488,40.73958],[-73.82533,40.73511],[-73.82567,40.73229],[-73.83386,40.73056],[-73.83307,40.72993],[-73.8327,40.72927],[-73.83171,40.72805],[-73.83087,40.72672],[-73.8298,40.72591],[-73.82825,40.72543],[-73.82756,40.72497],[-73.82713,40.72431],[-73.82586,40.72047],[-73.82557,40.71973],[-73.8254,40.71742],[-73.82519,40.71733],[-73.8229,40.7175],[-73.82171,40.71737],[-73.81952,40.71735],[-73.81931,40.71714],[-73.82012,40.71652],[-73.81843,40.716],[-73.81731,40.71579],[-73.81629,40.7159],[-73.80785,40.71601],[-73.80934,40.72097],[-73.81063,40.72443],[-73.8107,40.7262],[-73.81152,40.72667],[-73.81488,40.72833],[-73.81523,40.7288],[-73.81502,40.7305],[-73.81469,40.73596],[-73.8147,40.73715],[-73.81497,40.73857]]]}},{"type":"Feature","id":"QN0802","properties":{"name":"Pomonok-Electchester-Hillcrest","nta2020":"QN0802","borough":"Queens","source":"NYC DCP NTA2020"},"geometry":{"type":"Polygon","coordinates":[[[-73.80467,40.73845],[-73.81322,40.73877],[-73.81506,40.739],[-73.81497,40.73857],[-73.8147,40.73715],[-73.81469,40.73596],[-73.81502,40.7305],[-73.81523,40.7288],[-73.81488,40.72833],[-73.81152,40.72667],[-73.8107,40.7262],[-73.81063,40.72443],[-73.80934,40.72097],[-73.80785,40.71601],[-73.80474,40.71618],[-73.80192,40.71656],[-73.80008,40.71698],[-73.7981,40.71755],[-73.79805,40.71742],[-73.79565,40.71814],[-73.79404,40.71873],[-73.79214,40.71921],[-73.79071,40.71928],[-73.79037,40.72014],[-73.79029,40.72138],[-73.79045,40.72356],[-73.79137,40.72496],[-73.79175,40.7258],[-73.79379,40.73071],[-73.79398,40.73231],[-73.79428,40.7327],[-73.79857,40.73287],[-73.79866,40.73144],[-73.80407,40.73165],[-73.80385,40.73491],[-73.80294,40.73487],[-73.80273,40.73809],[-73.80466,40.73812],[-73.80467,40.73845]]]}},{"type":"Feature","id":"QN0803","properties":{"name":"Fresh Meadows-Utopia","nta2020":"QN0803","borough":"Queens","source":"NYC DCP NTA2020"},"geometry":{"type":"Polygon","coordinates":[[[-73.77758,40.7302],[-73.77491,40.73092],[-73.77011,40.73179],[-73.77122,40.73335],[-73.7723,40.73512],[-73.77344,40.73773],[-73.77455,40.74082],[-73.77576,40.74338],[-73.77862,40.74296],[-73.78041,40.74264],[-73.78352,40.7418],[-73.79536,40.73855],[-73.79641,40.73833],[-73.79822,40.73823],[-73.80467,40.73845],[-73.80466,40.73812],[-73.80273,40.73809],[-73.80294,40.73487],[-73.80385,40.73491],[-73.80407,40.73165],[-73.79866,40.73144],[-73.79857,40.73287],[-73.79428,40.7327],[-73.79398,40.73231],[-73.79379,40.73071],[-73.79175,40.7258],[-73.79086,40.72604],[-73.78116,40.72922],[-73.77758,40.7302]]]}},{"type":"Feature","id":"QN0804","properties":{"name":"Jamaica Estates-Holliswood","nta2020":"QN0804","borough":"Queens","source":"NYC DCP NTA2020"},"geometry":{"type":"Polygon","coordinates":[[[-73.75688,40.72629],[-73.75888,40.72591],[-73.76034,40.72591],[-73.76472,40.72649],[-73.76617,40.72642],[-73.76924,40.72591],[-73.7714,40.72536],[-73.77287,40.72488],[-73.77549,40.72373],[-73.77733,40.7224],[-73.77804,40.72329],[-73.77719,40.72361],[-73.77634,40.72447],[-73.77524,40.72525],[-73.77758,40.7302],[-73.78116,40.72922],[-73.79086,40.72604],[-73.79175,40.7258],[-73.79137,40.72496],[-73.79045,40.72356],[-73.79029,40.72138],[-73.79037,40.72014],[-73.79071,40.71928],[-73.7909,40.71888],[-73.7919,40.71814],[-73.79227,40.71729],[-73.79241,40.7162],[-73.79346,40.71443],[-73.79361,40.71352],[-73.79307,40.7122],[-73.79304,40.71072],[-73.78942,40.71201],[-73.78851,40.71203],[-73.78785,40.71182],[-73.78616,40.71207],[-73.78446,40.7125],[-73.77712,40.71427],[-73.77357,40.71513],[-73.76733,40.7173],[-73.76447,40.7189],[-73.76197,40.72001],[-73.75944,40.72107],[-73.75577,40.72365],[-73.75497,40.72417],[-73.75567,40.72533],[-73.75688,40.72629]]]}},{"type":"Feature","id":"QN0805","properties":{"name":"Jamaica Hills-Briarwood","nta2020":"QN0805","borough":"Queens","source":"NYC DCP NTA2020"},"geometry":{"type":"Polygon","coordinates":[[[-73.79304,40.71072],[-73.79307,40.7122],[-73.79361,40.71352],[-73.79346,40.71443],[-73.79241,40.7162],[-73.79227,40.71729],[-73.7919,40.71814],[-73.7909,40.71888],[-73.79071,40.71928],[-73.79214,40.71921],[-73.79404,40.71873],[-73.79565,40.71814],[-73.79805,40.71742],[-73.7981,40.71755],[-73.80008,40.71698],[-73.80192,40.71656],[-73.80474,40.71618],[-73.80785,40.71601],[-73.81629,40.7159],[-73.81731,40.71579],[-73.81843,40.716],[-73.82012,40.71652],[-73.82096,40.71665],[-73.82341,40.71656],[-73.82431,40.71608],[-73.82518,40.71602],[-73.82558,40.71577],[-73.82429,40.71388],[-73.82416,40.71314],[-73.82354,40.71243],[-73.82132,40.71056],[-73.82037,40.70953],[-73.81914,40.70787],[-73.81907,40.70746],[-73.81792,40.70552],[-73.81648,40.70246],[-73.81399,40.70255],[-73.81153,40.70228],[-73.81201,40.70595],[-73.80695,40.70738],[-73.80762,40.70874],[-73.80805,40.70937],[-73.80548,40.7101],[-73.80484,40.70935],[-73.80367,40.70875],[-73.80303,40.70815],[-73.80193,40.70892],[-73.80131,40.70975],[-73.7987,40.71067],[-73.79777,40.70915],[-73.79473,40.71002],[-73.79304,40.71072]]]}},{"type":"Feature","id":"QN0901","properties":{"name":"Kew Gardens","nta2020":"QN0901","borough":"Queens","source":"NYC DCP NTA2020"},"geometry":{"type":"Polygon","coordinates":[[[-73.81648,40.70246],[-73.81792,40.70552],[-73.81907,40.70746],[-73.81914,40.70787],[-73.82037,40.70953],[-73.82132,40.71056],[-73.82354,40.71243],[-73.82416,40.71314],[-73.82429,40.71388],[-73.82558,40.71577],[-73.83098,40.71432],[-73.83372,40.71295],[-73.83598,40.71171],[-73.83806,40.71093],[-73.84134,40.70995],[-73.84315,40.70923],[-73.83938,40.70863],[-73.83829,40.70842],[-73.83715,40.70797],[-73.83814,40.70634],[-73.83807,40.70597],[-73.83696,40.70422],[-73.83662,40.70343],[-73.83616,40.70342],[-73.8346,40.70394],[-73.83392,40.70236],[-73.83213,40.7028],[-73.83152,40.7014],[-73.82339,40.70345],[-73.82246,40.70366],[-73.82148,40.70342],[-73.81648,40.70246]]]}},{"type":"Feature","id":"QN0902","properties":{"name":"Richmond Hill","nta2020":"QN0902","borough":"Queens","source":"NYC DCP NTA2020"},"geometry":{"type":"Polygon","coordinates":[[[-73.81648,40.70246],[-73.82148,40.70342],[-73.82246,40.70366],[-73.82339,40.70345],[-73.83152,40.7014],[-73.83213,40.7028],[-73.83392,40.70236],[-73.8346,40.70394],[-73.83616,40.70342],[-73.83662,40.70343],[-73.83696,40.70422],[-73.83948,40.7027],[-73.84157,40.70111],[-73.84276,40.70067],[-73.84503,40.69937],[-73.84914,40.69829],[-73.84894,40.69757],[-73.84773,40.69478],[-73.84496,40.68917],[-73.83751,40.6913],[-73.82797,40.69399],[-73.82479,40.69473],[-73.82108,40.69579],[-73.82086,40.69536],[-73.81958,40.69574],[-73.81888,40.6958],[-73.81439,40.69708],[-73.81373,40.69714],[-73.81546,40.70029],[-73.81648,40.70246]]]}},{"type":"Feature","id":"QN0903","properties":{"name":"South Richmond Hill","nta2020":"QN0903","borough":"Queens","source":"NYC DCP NTA2020"},"geometry":{"type":"Polygon","coordinates":[[[-73.81073,40.69193],[-73.81255,40.69518],[-73.81373,40.69714],[-73.81439,40.69708],[-73.81888,40.6958],[-73.81958,40.69574],[-73.82086,40.69536],[-73.82108,40.69579],[-73.82479,40.69473],[-73.82797,40.69399],[-73.83751,40.6913],[-73.83635,40.68894],[-73.83811,40.68844],[-73.83728,40.68676],[-73.83694,40.68685],[-73.83595,40.68485],[-73.82753,40.68725],[-73.82851,40.68925],[-73.82599,40.68996],[-73.82501,40.68796],[-73.81354,40.69122],[-73.81073,40.69193]]]}},{"type":"Feature","id":"QN0904","properties":{"name":"Ozone Park (North)","nta2020":"QN0904","borough":"Queens","source":"NYC DCP NTA2020"},"geometry":{"type":"Polygon","coordinates":[[[-73.83595,40.68485],[-73.83694,40.68685],[-73.83728,40.68676],[-73.83811,40.68844],[-73.83635,40.68894],[-73.83751,40.6913],[-73.84496,40.68917],[-73.85053,40.6876],[-73.85056,40.68767],[-73.85993,40.685],[-73.8663,40.68319],[-73.86602,40.68193],[-73.8641,40.68238],[-73.86335,40.67936],[-73.85879,40.68064],[-73.8582,40.67944],[-73.85398,40.67969],[-73.85099,40.68058],[-73.85198,40.68257],[-73.84787,40.6815],[-73.84583,40.68211],[-73.84451,40.68242],[-73.8412,40.68336],[-73.84013,40.68115],[-73.83865,40.68145],[-73.83698,40.682],[-73.83808,40.68425],[-73.83595,40.68485]]]}},{"type":"Feature","id":"QN0905","properties":{"name":"Woodhaven","nta2020":"QN0905","borough":"Queens","source":"NYC DCP NTA2020"},"geometry":{"type":"Polygon","coordinates":[[[-73.84914,40.69829],[-73.85071,40.70021],[-73.8545,40.70056],[-73.85339,40.69926],[-73.85283,40.69842],[-73.85275,40.69757],[-73.85657,40.69707],[-73.85833,40.69675],[-73.86456,40.69553],[-73.86841,40.69474],[-73.8686,40.69389],[-73.86806,40.69119],[-73.86746,40.68841],[-73.8666,40.68528],[-73.8663,40.68319],[-73.85993,40.685],[-73.85056,40.68767],[-73.85053,40.6876],[-73.84496,40.68917],[-73.84773,40.69478],[-73.84894,40.69757],[-73.84914,40.69829]]]}},{"type":"Feature","id":"QN1001","properties":{"name":"South Ozone Park","nta2020":"QN1001","borough":"Queens","source":"NYC DCP NTA2020"},"geometry":{"type":"Polygon","coordinates":[[[-73.80586,40.68292],[-73.80718,40.68561],[-73.80796,40.68707],[-73.81073,40.69193],[-73.81354,40.69122],[-73.82501,40.68796],[-73.82599,40.68996],[-73.82851,40.68925],[-73.82753,40.68725],[-73.83595,40.68485],[-73.83808,40.68425],[-73.83698,40.682],[-73.83865,40.68145],[-73.84013,40.68115],[-73.83794,40.6768],[-73.83812,40.67664],[-73.8375,40.67542],[-73.83335,40.66678],[-73.83271,40.66541],[-73.83226,40.66531],[-73.8291,40.66426],[-73.82687,40.66371],[-73.82571,40.6636],[-73.82305,40.66356],[-73.82296,40.66387],[-73.81837,40.66328],[-73.81411,40.6628],[-73.81246,40.66294],[-73.81156,40.66319],[-73.80845,40.66447],[-73.80615,40.66492],[-73.80432,40.66513],[-73.80215,40.66526],[-73.80164,40.66677],[-73.80142,40.66779],[-73.80125,40.66985],[-73.80132,40.67279],[-73.80179,40.6744],[-73.80403,40.67914],[-73.80586,40.68292]]]}},{"type":"Feature","id":"QN1002","properties":{"name":"Ozone Park","nta2020":"QN1002","borough":"Queens","source":"NYC DCP NTA2020"},"geometry":{"type":"Polygon","coordinates":[[[-73.84013,40.68115],[-73.8412,40.68336],[-73.84451,40.68242],[-73.84583,40.68211],[-73.84787,40.6815],[-73.85198,40.68257],[-73.85099,40.68058],[-73.85398,40.67969],[-73.8582,40.67944],[-73.85879,40.68064],[-73.86335,40.67936],[-73.86328,40.67909],[-73.86235,40.67917],[-73.86132,40.67503],[-73.8603,40.67478],[-73.85928,40.67446],[-73.85825,40.67414],[-73.85711,40.67358],[-73.85164,40.67194],[-73.85097,40.67173],[-73.84848,40.67092],[-73.84787,40.67079],[-73.84322,40.66935],[-73.84289,40.66929],[-73.84272,40.66929],[-73.84258,40.66929],[-73.84248,40.66896],[-73.84243,40.66879],[-73.84216,40.66871],[-73.84118,40.66852],[-73.84014,40.66828],[-73.84008,40.66847],[-73.83834,40.668],[-73.83845,40.66767],[-73.83791,40.66752],[-73.83733,40.66738],[-73.83488,40.66722],[-73.83465,40.66712],[-73.83335,40.66678],[-73.8375,40.67542],[-73.83812,40.67664],[-73.83794,40.6768],[-73.84013,40.68115]]]}},{"type":"Feature","id":"QN1003","properties":{"name":"Howard Beach-Lindenwood","nta2020":"QN1003","borough":"Queens","source":"NYC DCP NTA2020"},"geometry":{"type":"Polygon","coordinates":[[[-73.85097,40.67173],[-73.85164,40.67194],[-73.85284,40.67229],[-73.85649,40.67339],[-73.85711,40.67358],[-73.85825,40.67414],[-73.85928,40.67446],[-73.8603,40.67478],[-73.86132,40.67503],[-73.86115,40.67434],[-73.86107,40.67403],[-73.86078,40.67281],[-73.86039,40.67126],[-73.85948,40.67139],[-73.85856,40.67153],[-73.85763,40.67166],[-73.85731,40.67042],[-73.85729,40.67033],[-73.85727,40.67026],[-73.85725,40.67018],[-73.85723,40.6701],[-73.85685,40.66861],[-73.85612,40.66552],[-73.85569,40.66388],[-73.85612,40.66382],[-73.85659,40.66376],[-73.85843,40.66346],[-73.85812,40.66204],[-73.85803,40.66173],[-73.85794,40.66138],[-73.85762,40.66013],[-73.85852,40.65991],[-73.85939,40.65978],[-73.86031,40.65964],[-73.86119,40.65926],[-73.86175,40.65895],[-73.86317,40.65828],[-73.8627,40.65763],[-73.86173,40.65804],[-73.86162,40.657],[-73.86089,40.65692],[-73.86034,40.65726],[-73.86037,40.6579],[-73.86125,40.65823],[-73.86039,40.65863],[-73.85964,40.65847],[-73.85992,40.65774],[-73.85981,40.65733],[-73.86068,40.65659],[-73.86084,40.65618],[-73.85967,40.6552],[-73.85735,40.6568],[-73.85535,40.65834],[-73.85362,40.65974],[-73.85355,40.65932],[-73.85437,40.65861],[-73.85321,40.65382],[-73.8484,40.65451],[-73.84765,40.65148],[-73.84679,40.6478],[-73.84206,40.64844],[-73.83739,40.64913],[-73.83681,40.64926],[-73.83806,40.65424],[-73.8384,40.65582],[-73.83897,40.65758],[-73.83929,40.65925],[-73.83998,40.66191],[-73.8397,40.66225],[-73.83872,40.66242],[-73.83814,40.66208],[-73.83808,40.6616],[-73.83889,40.66141],[-73.83845,40.65937],[-73.83597,40.64936],[-73.83564,40.64852],[-73.83454,40.64803],[-73.83149,40.6479],[-73.8308,40.64898],[-73.83119,40.65076],[-73.83157,40.65118],[-73.83306,40.6567],[-73.83339,40.65806],[-73.8326,40.65783],[-73.83195,40.65618],[-73.83277,40.6568],[-73.83218,40.6549],[-73.83212,40.65428],[-73.83129,40.65349],[-73.83132,40.65273],[-73.83094,40.65163],[-73.83001,40.65091],[-73.83001,40.65034],[-73.82928,40.64959],[-73.82846,40.64913],[-73.82742,40.6489],[-73.82639,40.64833],[-73.82807,40.65528],[-73.8286,40.65721],[-73.82932,40.65891],[-73.82991,40.65967],[-73.83271,40.66541],[-73.83335,40.66678],[-73.83465,40.66712],[-73.83488,40.66722],[-73.83733,40.66738],[-73.83791,40.66752],[-73.83845,40.66767],[-73.83834,40.668],[-73.84008,40.66847],[-73.84035,40.66848],[-73.84025,40.66837],[-73.84014,40.66828],[-73.84118,40.66852],[-73.84216,40.66871],[-73.84243,40.66879],[-73.84248,40.66896],[-73.84258,40.66929],[-73.84272,40.66929],[-73.84289,40.66929],[-73.84322,40.66935],[-73.84787,40.67079],[-73.84848,40.67092],[-73.85097,40.67173]]]}},{"type":"Feature","id":"QN1101","properties":{"name":"Auburndale","nta2020":"QN1101","borough":"Queens","source":"NYC DCP NTA2020"},"geometry":{"type":"Polygon","coordinates":[[[-73.77164,40.74421],[-73.77174,40.74485],[-73.77417,40.74989],[-73.77433,40.74984],[-73.77565,40.75264],[-73.7768,40.75608],[-73.77778,40.75963],[-73.77838,40.76123],[-73.78146,40.76707],[-73.78309,40.77012],[-73.78401,40.77201],[-73.78438,40.77335],[-73.78453,40.77442],[-73.78456,40.77524],[-73.78459,40.77615],[-73.78492,40.77605],[-73.78655,40.77557],[-73.78914,40.77486],[-73.78984,40.7747],[-73.79035,40.77458],[-73.79164,40.77425],[-73.79227,40.774],[-73.79365,40.77337],[-73.79499,40.77315],[-73.79557,40.77306],[-73.79566,40.77304],[-73.79494,40.77241],[-73.79318,40.77041],[-73.79396,40.7647],[-73.79303,40.76463],[-73.79344,40.76161],[-73.79344,40.76077],[-73.79076,40.76099],[-73.79032,40.75783],[-73.79403,40.75774],[-73.79493,40.75781],[-73.79458,40.75357],[-73.79472,40.75063],[-73.7973,40.74944],[-73.79705,40.74934],[-73.79472,40.74761],[-73.79458,40.74641],[-73.79446,40.74545],[-73.79454,40.74452],[-73.79521,40.7435],[-73.79614,40.74258],[-73.79695,40.74194],[-73.79723,40.7417],[-73.79728,40.74034],[-73.79641,40.7386],[-73.79641,40.73833],[-73.79536,40.73855],[-73.78352,40.7418],[-73.78041,40.74264],[-73.77862,40.74296],[-73.77576,40.74338],[-73.77343,40.74373],[-73.77164,40.74421]]]}},{"type":"Feature","id":"QN1102","properties":{"name":"Bayside","nta2020":"QN1102","borough":"Queens","source":"NYC DCP NTA2020"},"geometry":{"type":"Polygon","coordinates":[[[-73.74681,40.75204],[-73.7471,40.75236],[-73.74774,40.75386],[-73.74711,40.75418],[-73.7481,40.75591],[-73.75005,40.75841],[-73.75058,40.75802],[-73.75116,40.75908],[-73.7523,40.75946],[-73.75321,40.75825],[-73.75387,40.75849],[-73.75498,40.75851],[-73.75557,40.75829],[-73.75626,40.75844],[-73.75682,40.75974],[-73.758,40.76039],[-73.75848,40.762],[-73.75785,40.76258],[-73.75836,40.76351],[-73.75887,40.76328],[-73.7592,40.76434],[-73.75636,40.76461],[-73.75436,40.76506],[-73.7541,40.76536],[-73.75494,40.7661],[-73.75547,40.76637],[-73.75641,40.76652],[-73.75735,40.76708],[-73.75787,40.76695],[-73.75864,40.76737],[-73.75881,40.76819],[-73.7596,40.76873],[-73.76126,40.7704],[-73.76418,40.77284],[-73.76573,40.77461],[-73.76633,40.77585],[-73.767,40.7767],[-73.76762,40.778],[-73.76816,40.77813],[-73.76834,40.77852],[-73.7684,40.77867],[-73.76861,40.7791],[-73.7729,40.77781],[-73.77378,40.77756],[-73.77554,40.77703],[-73.77584,40.77862],[-73.77679,40.77842],[-73.77948,40.77767],[-73.78036,40.7774],[-73.7828,40.77667],[-73.78408,40.7763],[-73.78448,40.77618],[-73.78459,40.77615],[-73.78456,40.77524],[-73.78453,40.77442],[-73.78438,40.77335],[-73.78401,40.77201],[-73.78309,40.77012],[-73.78146,40.76707],[-73.77838,40.76123],[-73.77778,40.75963],[-73.7768,40.75608],[-73.77565,40.75264],[-73.77433,40.74984],[-73.77417,40.74989],[-73.77174,40.74485],[-73.77164,40.74421],[-73.76948,40.74526],[-73.76776,40.74585],[-73.76153,40.74754],[-73.76058,40.74786],[-73.75794,40.74904],[-73.75687,40.74937],[-73.75311,40.7503],[-73.74903,40.75099],[-73.74779,40.75147],[-73.74681,40.75204]]]}},{"type":"Feature","id":"QN1103","properties":{"name":"Douglaston-Little Neck","nta2020":"QN1103","borough":"Queens","source":"NYC DCP NTA2020"},"geometry":{"type":"MultiPolygon","coordinates":[[[[-73.74673,40.78031],[-73.74725,40.78008],[-73.74664,40.77937],[-73.74574,40.77962],[-73.74673,40.78031]]],[[[-73.74873,40.78096],[-73.74925,40.78154],[-73.74992,40.78194],[-73.75021,40.78241],[-73.75083,40.78264],[-73.75184,40.78235],[-73.753,40.7813],[-73.75301,40.78087],[-73.75391,40.77979],[-73.75444,40.77813],[-73.75481,40.77764],[-73.75486,40.77695],[-73.75514,40.77642],[-73.75424,40.77528],[-73.75396,40.77431],[-73.75337,40.77322],[-73.75364,40.77264],[-73.75438,40.77205],[-73.75557,40.77154],[-73.7547,40.76972],[-73.75473,40.7686],[-73.75508,40.76767],[-73.75488,40.76717],[-73.75339,40.76534],[-73.74941,40.76756],[-73.74688,40.76453],[-73.75021,40.76376],[-73.74937,40.76294],[-73.74598,40.76398],[-73.74474,40.76077],[-73.74347,40.75935],[-73.74311,40.7585],[-73.7425,40.7586],[-73.74126,40.75672],[-73.74121,40.75621],[-73.74042,40.75668],[-73.73918,40.75673],[-73.73918,40.75614],[-73.73979,40.75541],[-73.74128,40.75458],[-73.74178,40.75349],[-73.74143,40.75272],[-73.74087,40.75198],[-73.73986,40.75131],[-73.73831,40.74926],[-73.73726,40.74827],[-73.73592,40.74755],[-73.73543,40.74717],[-73.73509,40.74638],[-73.73495,40.7447],[-73.73452,40.74383],[-73.7338,40.74295],[-73.73375,40.74286],[-73.7337,40.74289],[-73.73361,40.74295],[-73.73321,40.74321],[-73.73253,40.74377],[-73.73233,40.74365],[-73.73096,40.74487],[-73.73088,40.74496],[-73.72979,40.74626],[-73.72943,40.74669],[-73.72922,40.74696],[-73.72905,40.74724],[-73.72889,40.74757],[-73.72886,40.74763],[-73.72865,40.74808],[-73.72822,40.74943],[-73.72812,40.74967],[-73.72798,40.74999],[-73.72782,40.75024],[-73.72687,40.75138],[-73.72674,40.75149],[-73.72656,40.75164],[-73.72626,40.75188],[-73.72507,40.75259],[-73.72469,40.75283],[-73.72377,40.75342],[-73.7233,40.75379],[-73.72308,40.754],[-73.72294,40.75414],[-73.72273,40.75436],[-73.72256,40.75457],[-73.72233,40.75489],[-73.72219,40.7551],[-73.72212,40.75522],[-73.72149,40.75643],[-73.72134,40.75667],[-73.72114,40.75695],[-73.7195,40.7584],[-73.71909,40.75863],[-73.71876,40.7588],[-73.71872,40.75881],[-73.71778,40.75921],[-73.71612,40.75959],[-73.71333,40.75974],[-73.71658,40.76179],[-73.72022,40.7642],[-73.72098,40.76477],[-73.72153,40.76483],[-73.72379,40.76625],[-73.72686,40.76809],[-73.73206,40.77131],[-73.73389,40.77254],[-73.7377,40.7748],[-73.73938,40.77602],[-73.74008,40.77622],[-73.74404,40.7786],[-73.74462,40.77793],[-73.74508,40.77826],[-73.74541,40.77899],[-73.74611,40.77846],[-73.74687,40.77889],[-73.74736,40.77939],[-73.7484,40.78088],[-73.74873,40.78096]]]]}},{"type":"Feature","id":"QN1104","properties":{"name":"Oakland Gardens-Hollis Hills","nta2020":"QN1104","borough":"Queens","source":"NYC DCP NTA2020"},"geometry":{"type":"Polygon","coordinates":[[[-73.74029,40.73852],[-73.7402,40.73904],[-73.74107,40.73899],[-73.74155,40.73877],[-73.74307,40.73845],[-73.7436,40.73902],[-73.74396,40.7408],[-73.74997,40.73975],[-73.75139,40.7402],[-73.75347,40.74241],[-73.75073,40.74301],[-73.74888,40.7433],[-73.74804,40.74334],[-73.74568,40.74304],[-73.74478,40.74329],[-73.74593,40.74572],[-73.74626,40.74672],[-73.74382,40.74744],[-73.7441,40.74821],[-73.74571,40.75159],[-73.74681,40.75204],[-73.74779,40.75147],[-73.74903,40.75099],[-73.75311,40.7503],[-73.75687,40.74937],[-73.75794,40.74904],[-73.76058,40.74786],[-73.76153,40.74754],[-73.76776,40.74585],[-73.76698,40.74423],[-73.76634,40.74366],[-73.76557,40.74327],[-73.76515,40.74245],[-73.76253,40.73692],[-73.76253,40.73601],[-73.76273,40.73527],[-73.76511,40.73457],[-73.7637,40.73287],[-73.76555,40.73255],[-73.76454,40.73148],[-73.76341,40.73047],[-73.76226,40.72961],[-73.76066,40.72862],[-73.75846,40.72755],[-73.75704,40.72662],[-73.75678,40.72631],[-73.75455,40.72709],[-73.75301,40.72778],[-73.75067,40.72919],[-73.74962,40.73001],[-73.74674,40.73259],[-73.74385,40.73482],[-73.7416,40.73692],[-73.74029,40.73852]]]}},{"type":"Feature","id":"QN1201","properties":{"name":"Jamaica","nta2020":"QN1201","borough":"Queens","source":"NYC DCP NTA2020"},"geometry":{"type":"Polygon","coordinates":[[[-73.76845,40.70965],[-73.76881,40.70982],[-73.77173,40.71033],[-73.77315,40.70993],[-73.7745,40.71195],[-73.77538,40.71169],[-73.77712,40.71427],[-73.78446,40.7125],[-73.78616,40.71207],[-73.78785,40.71182],[-73.78851,40.71203],[-73.78942,40.71201],[-73.79304,40.71072],[-73.79473,40.71002],[-73.79777,40.70915],[-73.7987,40.71067],[-73.80131,40.70975],[-73.80193,40.70892],[-73.80303,40.70815],[-73.80367,40.70875],[-73.80484,40.70935],[-73.80548,40.7101],[-73.80805,40.70937],[-73.80762,40.70874],[-73.80695,40.70738],[-73.81201,40.70595],[-73.81153,40.70228],[-73.81399,40.70255],[-73.81648,40.70246],[-73.81546,40.70029],[-73.81373,40.69714],[-73.81255,40.69518],[-73.81073,40.69193],[-73.80963,40.69223],[-73.8089,40.69257],[-73.80643,40.69088],[-73.8012,40.69534],[-73.79918,40.69688],[-73.79786,40.698],[-73.79572,40.69902],[-73.79358,40.69976],[-73.79221,40.70083],[-73.79187,40.70137],[-73.79239,40.70217],[-73.79116,40.7023],[-73.78967,40.70305],[-73.78598,40.70419],[-73.7837,40.70507],[-73.78203,40.70549],[-73.78035,40.70542],[-73.77792,40.7033],[-73.77587,40.70166],[-73.77396,40.69981],[-73.77231,40.70058],[-73.77508,40.70525],[-73.77559,40.70534],[-73.77556,40.70608],[-73.7749,40.70707],[-73.77367,40.70768],[-73.7723,40.70808],[-73.76845,40.70965]]]}},{"type":"Feature","id":"QN1202","properties":{"name":"South Jamaica","nta2020":"QN1202","borough":"Queens","source":"NYC DCP NTA2020"},"geometry":{"type":"Polygon","coordinates":[[[-73.77396,40.69981],[-73.77587,40.70166],[-73.77792,40.7033],[-73.78035,40.70542],[-73.78203,40.70549],[-73.7837,40.70507],[-73.78598,40.70419],[-73.78967,40.70305],[-73.79116,40.7023],[-73.79239,40.70217],[-73.79187,40.70137],[-73.79221,40.70083],[-73.79358,40.69976],[-73.79572,40.69902],[-73.79786,40.698],[-73.79918,40.69688],[-73.8012,40.69534],[-73.80643,40.69088],[-73.8089,40.69257],[-73.80963,40.69223],[-73.81073,40.69193],[-73.80796,40.68707],[-73.80718,40.68561],[-73.80586,40.68292],[-73.79898,40.68487],[-73.79995,40.68684],[-73.79562,40.68867],[-73.79391,40.68631],[-73.79039,40.68776],[-73.78698,40.68862],[-73.78479,40.68937],[-73.78078,40.69104],[-73.77977,40.68929],[-73.77789,40.68993],[-73.78092,40.69385],[-73.78277,40.696],[-73.77826,40.69792],[-73.77396,40.69981]]]}},{"type":"Feature","id":"QN1203","properties":{"name":"Baisley Park","nta2020":"QN1203","borough":"Queens","source":"NYC DCP NTA2020"},"geometry":{"type":"Polygon","coordinates":[[[-73.77789,40.68993],[-73.77977,40.68929],[-73.78078,40.69104],[-73.78479,40.68937],[-73.78698,40.68862],[-73.79039,40.68776],[-73.79391,40.68631],[-73.79562,40.68867],[-73.79995,40.68684],[-73.79898,40.68487],[-73.80586,40.68292],[-73.80403,40.67914],[-73.80179,40.6744],[-73.80132,40.67279],[-73.80125,40.66985],[-73.80142,40.66779],[-73.80164,40.66677],[-73.79942,40.66653],[-73.79874,40.66656],[-73.79728,40.66695],[-73.79515,40.66697],[-73.79307,40.66708],[-73.78941,40.66685],[-73.78916,40.66835],[-73.78809,40.67302],[-73.78658,40.67277],[-73.78575,40.67239],[-73.78435,40.6747],[-73.78354,40.67551],[-73.78026,40.67785],[-73.77842,40.67904],[-73.77723,40.67966],[-73.7747,40.68049],[-73.77232,40.6815],[-73.77014,40.68312],[-73.76974,40.68379],[-73.7724,40.68529],[-73.77571,40.68762],[-73.77662,40.68837],[-73.77789,40.68993]]]}},{"type":"Feature","id":"QN1204","properties":{"name":"Springfield Gardens (North)-Rochdale Village","nta2020":"QN1204","borough":"Queens","source":"NYC DCP NTA2020"},"geometry":{"type":"Polygon","coordinates":[[[-73.76032,40.67512],[-73.76249,40.6742],[-73.76368,40.67475],[-73.76343,40.67633],[-73.76289,40.67751],[-73.76192,40.67889],[-73.76161,40.67974],[-73.76716,40.68239],[-73.76974,40.68379],[-73.77014,40.68312],[-73.77232,40.6815],[-73.7747,40.68049],[-73.77723,40.67966],[-73.77842,40.67904],[-73.78026,40.67785],[-73.78354,40.67551],[-73.78435,40.6747],[-73.78575,40.67239],[-73.78658,40.67277],[-73.78809,40.67302],[-73.78916,40.66835],[-73.78941,40.66685],[-73.78697,40.66709],[-73.77343,40.66804],[-73.77155,40.66797],[-73.76182,40.66689],[-73.75763,40.66646],[-73.757,40.66775],[-73.75644,40.66967],[-73.75649,40.6715],[-73.75636,40.67244],[-73.75822,40.6727],[-73.75881,40.67301],[-73.76032,40.67512]]]}},{"type":"Feature","id":"QN1205","properties":{"name":"St. Albans","nta2020":"QN1205","borough":"Queens","source":"NYC DCP NTA2020"},"geometry":{"type":"Polygon","coordinates":[[[-73.75047,40.70565],[-73.76096,40.70292],[-73.76213,40.70551],[-73.76176,40.70661],[-73.7623,40.70796],[-73.76457,40.70741],[-73.76493,40.70723],[-73.76735,40.70664],[-73.76826,40.70953],[-73.76845,40.70965],[-73.7723,40.70808],[-73.77367,40.70768],[-73.7749,40.70707],[-73.77556,40.70608],[-73.77559,40.70534],[-73.77508,40.70525],[-73.77231,40.70058],[-73.77396,40.69981],[-73.77826,40.69792],[-73.78277,40.696],[-73.78092,40.69385],[-73.77789,40.68993],[-73.77662,40.68837],[-73.77571,40.68762],[-73.7724,40.68529],[-73.76974,40.68379],[-73.76716,40.68239],[-73.76161,40.67974],[-73.76192,40.67889],[-73.76289,40.67751],[-73.76343,40.67633],[-73.76368,40.67475],[-73.76249,40.6742],[-73.76032,40.67512],[-73.75692,40.67654],[-73.75649,40.67603],[-73.75576,40.67589],[-73.75524,40.6773],[-73.75485,40.67794],[-73.75226,40.6815],[-73.75126,40.68374],[-73.75002,40.6859],[-73.7485,40.68779],[-73.74747,40.68933],[-73.74729,40.68975],[-73.74624,40.69129],[-73.74485,40.69315],[-73.74416,40.69456],[-73.74359,40.69622],[-73.74524,40.69638],[-73.74618,40.69613],[-73.74773,40.69956],[-73.75047,40.70565]]]}},{"type":"Feature","id":"QN1206","properties":{"name":"Hollis","nta2020":"QN1206","borough":"Queens","source":"NYC DCP NTA2020"},"geometry":{"type":"Polygon","coordinates":[[[-73.75047,40.70565],[-73.75121,40.70731],[-73.75371,40.71333],[-73.7547,40.71472],[-73.75944,40.72107],[-73.76197,40.72001],[-73.76447,40.7189],[-73.76733,40.7173],[-73.77357,40.71513],[-73.77712,40.71427],[-73.77538,40.71169],[-73.7745,40.71195],[-73.77315,40.70993],[-73.77173,40.71033],[-73.76881,40.70982],[-73.76845,40.70965],[-73.76826,40.70953],[-73.76735,40.70664],[-73.76493,40.70723],[-73.76457,40.70741],[-73.7623,40.70796],[-73.76176,40.70661],[-73.76213,40.70551],[-73.76096,40.70292],[-73.75047,40.70565]]]}},{"type":"Feature","id":"QN1301","properties":{"name":"Glen Oaks-Floral Park-New Hyde Park","nta2020":"QN1301","borough":"Queens","source":"NYC DCP NTA2020"},"geometry":{"type":"Polygon","coordinates":[[[-73.7105,40.72724],[-73.70766,40.72784],[-73.70648,40.72972],[-73.70206,40.73645],[-73.70147,40.73752],[-73.70081,40.73845],[-73.70002,40.73924],[-73.70058,40.74319],[-73.70078,40.74505],[-73.70089,40.74707],[-73.70117,40.74893],[-73.70135,40.75079],[-73.70163,40.7525],[-73.70274,40.75326],[-73.70527,40.75478],[-73.70783,40.75622],[-73.71245,40.75925],[-73.71333,40.75974],[-73.71612,40.75959],[-73.71778,40.75921],[-73.71872,40.75881],[-73.71876,40.7588],[-73.71909,40.75863],[-73.7195,40.7584],[-73.72114,40.75695],[-73.72134,40.75667],[-73.72149,40.75643],[-73.72212,40.75522],[-73.72219,40.7551],[-73.72233,40.75489],[-73.72256,40.75457],[-73.72273,40.75436],[-73.72294,40.75414],[-73.72308,40.754],[-73.7233,40.75379],[-73.72377,40.75342],[-73.72469,40.75283],[-73.72507,40.75259],[-73.72626,40.75188],[-73.72656,40.75164],[-73.72674,40.75149],[-73.72687,40.75138],[-73.72782,40.75024],[-73.72798,40.74999],[-73.72812,40.74967],[-73.72822,40.74943],[-73.72865,40.74808],[-73.72829,40.74747],[-73.72799,40.74881],[-73.72768,40.74965],[-73.72627,40.74931],[-73.7234,40.7504],[-73.72259,40.74886],[-73.7201,40.74978],[-73.71962,40.74879],[-73.71897,40.747],[-73.71578,40.7399],[-73.71477,40.73791],[-73.71148,40.73251],[-73.71075,40.73053],[-73.7105,40.72724]]]}},{"type":"Feature","id":"QN1302","properties":{"name":"Bellerose","nta2020":"QN1302","borough":"Queens","source":"NYC DCP NTA2020"},"geometry":{"type":"Polygon","coordinates":[[[-73.7105,40.72724],[-73.71075,40.73053],[-73.71148,40.73251],[-73.71477,40.73791],[-73.71578,40.7399],[-73.71897,40.747],[-73.71962,40.74879],[-73.7201,40.74978],[-73.72259,40.74886],[-73.7234,40.7504],[-73.72627,40.74931],[-73.72768,40.74965],[-73.72799,40.74881],[-73.72829,40.74747],[-73.72865,40.74808],[-73.72886,40.74763],[-73.72889,40.74757],[-73.72905,40.74724],[-73.72922,40.74696],[-73.72943,40.74669],[-73.72979,40.74626],[-73.73088,40.74496],[-73.73096,40.74487],[-73.73233,40.74365],[-73.73253,40.74377],[-73.73321,40.74321],[-73.73361,40.74295],[-73.7337,40.74289],[-73.73375,40.74286],[-73.7338,40.74283],[-73.73398,40.74271],[-73.73432,40.7425],[-73.73835,40.74035],[-73.73923,40.73969],[-73.74029,40.73852],[-73.7416,40.73692],[-73.74385,40.73482],[-73.74674,40.73259],[-73.74666,40.73182],[-73.7463,40.73119],[-73.74556,40.73065],[-73.73273,40.72774],[-73.73147,40.72742],[-73.72991,40.72328],[-73.72837,40.72362],[-73.72816,40.72309],[-73.72567,40.72405],[-73.71829,40.72605],[-73.71693,40.72639],[-73.7105,40.72724]]]}},{"type":"Feature","id":"QN1303","properties":{"name":"Queens Village","nta2020":"QN1303","borough":"Queens","source":"NYC DCP NTA2020"},"geometry":{"type":"Polygon","coordinates":[[[-73.72816,40.72309],[-73.72837,40.72362],[-73.72991,40.72328],[-73.73147,40.72742],[-73.73273,40.72774],[-73.74556,40.73065],[-73.7463,40.73119],[-73.74666,40.73182],[-73.74674,40.73259],[-73.74962,40.73001],[-73.75067,40.72919],[-73.75301,40.72778],[-73.75455,40.72709],[-73.75678,40.72631],[-73.75688,40.72629],[-73.75567,40.72533],[-73.75497,40.72417],[-73.75577,40.72365],[-73.75944,40.72107],[-73.7547,40.71472],[-73.75371,40.71333],[-73.75121,40.70731],[-73.75047,40.70565],[-73.74773,40.69956],[-73.745,40.70027],[-73.74591,40.7023],[-73.74149,40.70344],[-73.7405,40.70344],[-73.74078,40.70269],[-73.73431,40.70249],[-73.73427,40.70323],[-73.72777,40.70303],[-73.72678,40.70307],[-73.72705,40.70951],[-73.72697,40.71072],[-73.72737,40.71242],[-73.72918,40.71918],[-73.73033,40.72217],[-73.72947,40.72263],[-73.72816,40.72309]]]}},{"type":"Feature","id":"QN1304","properties":{"name":"Cambria Heights","nta2020":"QN1304","borough":"Queens","source":"NYC DCP NTA2020"},"geometry":{"type":"Polygon","coordinates":[[[-73.72678,40.70307],[-73.72777,40.70303],[-73.73427,40.70323],[-73.73431,40.70249],[-73.74078,40.70269],[-73.7405,40.70344],[-73.74149,40.70344],[-73.74591,40.7023],[-73.745,40.70027],[-73.74773,40.69956],[-73.74618,40.69613],[-73.74524,40.69638],[-73.74359,40.69622],[-73.74416,40.69456],[-73.74485,40.69315],[-73.74624,40.69129],[-73.74729,40.68975],[-73.74747,40.68933],[-73.7376,40.68637],[-73.73744,40.68671],[-73.73396,40.68565],[-73.72718,40.68361],[-73.72586,40.68325],[-73.7258,40.68436],[-73.72593,40.68632],[-73.72616,40.68846],[-73.7265,40.69689],[-73.72666,40.70112],[-73.72679,40.70195],[-73.72678,40.70307]]]}},{"type":"Feature","id":"QN1305","properties":{"name":"Laurelton","nta2020":"QN1305","borough":"Queens","source":"NYC DCP NTA2020"},"geometry":{"type":"Polygon","coordinates":[[[-73.73396,40.68565],[-73.73424,40.68535],[-73.73581,40.68246],[-73.73965,40.68361],[-73.7395,40.6839],[-73.74047,40.6842],[-73.74095,40.6833],[-73.74802,40.68543],[-73.74809,40.68529],[-73.75002,40.6859],[-73.75126,40.68374],[-73.75226,40.6815],[-73.75485,40.67794],[-73.75524,40.6773],[-73.75576,40.67589],[-73.75649,40.67603],[-73.75692,40.67654],[-73.76032,40.67512],[-73.75881,40.67301],[-73.75822,40.6727],[-73.75636,40.67244],[-73.75649,40.6715],[-73.75644,40.66967],[-73.757,40.66775],[-73.75763,40.66646],[-73.75602,40.6664],[-73.74903,40.6664],[-73.74118,40.66641],[-73.73799,40.6698],[-73.73719,40.67092],[-73.73678,40.67077],[-73.73552,40.67257],[-73.73592,40.67266],[-73.73513,40.67395],[-73.73303,40.6765],[-73.73106,40.67831],[-73.73047,40.67936],[-73.72951,40.68006],[-73.7281,40.68177],[-73.72718,40.68361],[-73.73396,40.68565]]]}},{"type":"Feature","id":"QN1306","properties":{"name":"Springfield Gardens (South)-Brookville","nta2020":"QN1306","borough":"Queens","source":"NYC DCP NTA2020"},"geometry":{"type":"Polygon","coordinates":[[[-73.75763,40.66646],[-73.76182,40.66689],[-73.77155,40.66797],[-73.77343,40.66804],[-73.78697,40.66709],[-73.78941,40.66685],[-73.79307,40.66708],[-73.79515,40.66697],[-73.79728,40.66695],[-73.79874,40.66656],[-73.79942,40.66653],[-73.80164,40.66677],[-73.80215,40.66526],[-73.79982,40.66527],[-73.79582,40.66496],[-73.78751,40.66383],[-73.78503,40.66343],[-73.78342,40.66309],[-73.78124,40.66248],[-73.77933,40.66185],[-73.77691,40.66068],[-73.7751,40.66016],[-73.77383,40.65966],[-73.7705,40.65788],[-73.76406,40.65436],[-73.75794,40.65086],[-73.75158,40.64727],[-73.74857,40.64556],[-73.74712,40.64438],[-73.74617,40.64487],[-73.74608,40.64558],[-73.74644,40.64806],[-73.74625,40.6486],[-73.74615,40.65048],[-73.74652,40.65187],[-73.74655,40.65257],[-73.74333,40.65255],[-73.74329,40.65614],[-73.74488,40.65615],[-73.74506,40.65742],[-73.74496,40.65818],[-73.74244,40.66088],[-73.74115,40.66278],[-73.74002,40.66476],[-73.73849,40.66642],[-73.74118,40.66641],[-73.74903,40.6664],[-73.75602,40.6664],[-73.75763,40.66646]]]}},{"type":"Feature","id":"QN1307","properties":{"name":"Rosedale","nta2020":"QN1307","borough":"Queens","source":"NYC DCP NTA2020"},"geometry":{"type":"Polygon","coordinates":[[[-73.72586,40.68325],[-73.72718,40.68361],[-73.7281,40.68177],[-73.72951,40.68006],[-73.73047,40.67936],[-73.73106,40.67831],[-73.73303,40.6765],[-73.73513,40.67395],[-73.73592,40.67266],[-73.73552,40.67257],[-73.73678,40.67077],[-73.73719,40.67092],[-73.73799,40.6698],[-73.74118,40.66641],[-73.73849,40.66642],[-73.74002,40.66476],[-73.74115,40.66278],[-73.74244,40.66088],[-73.74496,40.65818],[-73.74506,40.65742],[-73.74488,40.65615],[-73.74329,40.65614],[-73.74333,40.65255],[-73.74655,40.65257],[-73.74652,40.65187],[-73.74615,40.65048],[-73.74625,40.6486],[-73.74644,40.64806],[-73.74608,40.64558],[-73.74617,40.64487],[-73.74712,40.64438],[-73.74857,40.64556],[-73.75158,40.64727],[-73.75205,40.64666],[-73.75007,40.64545],[-73.74949,40.64497],[-73.74869,40.64495],[-73.74875,40.64448],[-73.74814,40.64408],[-73.74723,40.64308],[-73.74632,40.6414],[-73.74617,40.64041],[-73.74661,40.63835],[-73.74687,40.63805],[-73.74705,40.63696],[-73.74629,40.63645],[-73.74564,40.63696],[-73.74489,40.63718],[-73.74422,40.63803],[-73.74273,40.63828],[-73.74189,40.63813],[-73.74122,40.63782],[-73.74098,40.63733],[-73.742,40.6362],[-73.74243,40.6354],[-73.74216,40.635],[-73.74075,40.63512],[-73.74001,40.63532],[-73.73947,40.63571],[-73.74126,40.63891],[-73.74228,40.64013],[-73.74142,40.64051],[-73.74205,40.64148],[-73.74166,40.64221],[-73.74144,40.64609],[-73.74144,40.6469],[-73.73905,40.64821],[-73.73514,40.64974],[-73.73207,40.6501],[-73.73029,40.65038],[-73.7265,40.65167],[-73.72523,40.65201],[-73.7251,40.65235],[-73.72499,40.65426],[-73.7255,40.65552],[-73.72557,40.65673],[-73.72645,40.65917],[-73.72793,40.66176],[-73.72833,40.66305],[-73.72782,40.66313],[-73.72786,40.66508],[-73.72811,40.66535],[-73.72827,40.66644],[-73.72824,40.66803],[-73.728,40.66941],[-73.72754,40.67394],[-73.72756,40.67417],[-73.72624,40.67723],[-73.72563,40.6796],[-73.72591,40.68266],[-73.72586,40.68325]]]}},{"type":"Feature","id":"QN1401","properties":{"name":"Far Rockaway-Bayswater","nta2020":"QN1401","borough":"Queens","source":"NYC DCP NTA2020"},"geometry":{"type":"Polygon","coordinates":[[[-73.76965,40.59078],[-73.76886,40.59087],[-73.76813,40.59075],[-73.76633,40.59098],[-73.76276,40.59163],[-73.76134,40.59173],[-73.75789,40.59137],[-73.75592,40.59088],[-73.75341,40.59098],[-73.7517,40.59132],[-73.7505,40.59236],[-73.74913,40.59322],[-73.74818,40.59352],[-73.74737,40.59406],[-73.74666,40.5943],[-73.74473,40.59466],[-73.74359,40.59467],[-73.74292,40.59484],[-73.74137,40.59482],[-73.73996,40.59451],[-73.73799,40.59456],[-73.73841,40.59593],[-73.73838,40.59713],[-73.73886,40.59679],[-73.73961,40.59677],[-73.73993,40.59607],[-73.7405,40.59608],[-73.74057,40.59658],[-73.73993,40.59706],[-73.73924,40.59723],[-73.73872,40.59696],[-73.73836,40.59761],[-73.73837,40.59846],[-73.73823,40.60257],[-73.73841,40.60313],[-73.73921,40.60405],[-73.74029,40.60461],[-73.74122,40.60553],[-73.7434,40.60748],[-73.74311,40.60772],[-73.74457,40.61013],[-73.74537,40.61121],[-73.74576,40.612],[-73.74686,40.61158],[-73.74722,40.61219],[-73.75009,40.61165],[-73.75346,40.61053],[-73.75473,40.61041],[-73.75496,40.61015],[-73.75576,40.61037],[-73.75648,40.61019],[-73.75732,40.6103],[-73.75945,40.61036],[-73.75949,40.61082],[-73.75999,40.61089],[-73.76155,40.60904],[-73.76178,40.60916],[-73.76024,40.61083],[-73.76173,40.61186],[-73.7623,40.61137],[-73.76316,40.61167],[-73.76455,40.61184],[-73.76508,40.61206],[-73.76517,40.61376],[-73.76682,40.6143],[-73.76834,40.61424],[-73.76915,40.61401],[-73.7702,40.61407],[-73.77176,40.61397],[-73.77291,40.61358],[-73.77354,40.61354],[-73.77399,40.61246],[-73.77377,40.61126],[-73.77211,40.61145],[-73.77186,40.61085],[-73.77123,40.61039],[-73.77025,40.61026],[-73.76911,40.60962],[-73.76894,40.60918],[-73.76933,40.60836],[-73.76983,40.60785],[-73.77002,40.60723],[-73.76986,40.60612],[-73.77,40.60539],[-73.77057,40.60475],[-73.77019,40.60276],[-73.77094,40.60116],[-73.77113,40.60046],[-73.77115,40.59937],[-73.77096,40.59888],[-73.77041,40.599],[-73.76974,40.59866],[-73.76797,40.59818],[-73.76854,40.59792],[-73.76946,40.59826],[-73.77048,40.5981],[-73.7711,40.59831],[-73.77109,40.59802],[-73.77095,40.59736],[-73.77066,40.59601],[-73.7715,40.59592],[-73.77233,40.59583],[-73.77388,40.59578],[-73.77373,40.59436],[-73.77368,40.5939],[-73.77281,40.59408],[-73.77271,40.59333],[-73.7727,40.59313],[-73.77206,40.59325],[-73.77185,40.5933],[-73.77175,40.59332],[-73.77165,40.59335],[-73.77155,40.59338],[-73.77146,40.59341],[-73.77136,40.59344],[-73.77127,40.59348],[-73.77118,40.59351],[-73.77109,40.59355],[-73.77097,40.59359],[-73.77086,40.59364],[-73.77075,40.5937],[-73.77065,40.59375],[-73.77054,40.5938],[-73.77044,40.59386],[-73.77033,40.59392],[-73.77023,40.59398],[-73.76965,40.59078]]]}},{"type":"Feature","id":"QN1402","properties":{"name":"Rockaway Beach-Arverne-Edgemere","nta2020":"QN1402","borough":"Queens","source":"NYC DCP NTA2020"},"geometry":{"type":"Polygon","coordinates":[[[-73.82134,40.58127],[-73.81929,40.58178],[-73.81838,40.58208],[-73.81508,40.58296],[-73.81353,40.58348],[-73.81133,40.58373],[-73.80953,40.58383],[-73.80808,40.584],[-73.80686,40.58441],[-73.80559,40.58452],[-73.80372,40.58503],[-73.80334,40.5849],[-73.80183,40.58536],[-73.80061,40.58549],[-73.79964,40.5858],[-73.79882,40.5859],[-73.79666,40.58638],[-73.7957,40.58648],[-73.7915,40.58731],[-73.78923,40.58763],[-73.78879,40.58746],[-73.78769,40.58793],[-73.78453,40.58849],[-73.78289,40.58901],[-73.78142,40.58928],[-73.78058,40.58957],[-73.77913,40.58961],[-73.77735,40.5901],[-73.77654,40.59011],[-73.77412,40.59039],[-73.77083,40.59056],[-73.76965,40.59078],[-73.77023,40.59398],[-73.77037,40.5939],[-73.7705,40.59382],[-73.77065,40.59375],[-73.77079,40.59368],[-73.77094,40.59361],[-73.77109,40.59355],[-73.77121,40.5935],[-73.77133,40.59345],[-73.77146,40.59341],[-73.77159,40.59337],[-73.77171,40.59333],[-73.77185,40.5933],[-73.77206,40.59325],[-73.7727,40.59313],[-73.77271,40.59333],[-73.77272,40.59337],[-73.77281,40.59408],[-73.77368,40.5939],[-73.77373,40.59436],[-73.77388,40.59578],[-73.77336,40.59579],[-73.77282,40.59581],[-73.77233,40.59583],[-73.7715,40.59592],[-73.77066,40.59601],[-73.77095,40.59736],[-73.77109,40.59802],[-73.7711,40.59831],[-73.7712,40.59828],[-73.77159,40.59803],[-73.77198,40.59793],[-73.77301,40.59789],[-73.77372,40.59825],[-73.77373,40.59864],[-73.77422,40.59901],[-73.77411,40.59961],[-73.77458,40.60043],[-73.77497,40.60175],[-73.77557,40.60167],[-73.77628,40.60109],[-73.77707,40.5997],[-73.77742,40.59882],[-73.77825,40.59818],[-73.77976,40.59728],[-73.77995,40.59658],[-73.78195,40.59646],[-73.78209,40.59786],[-73.78671,40.59763],[-73.78837,40.59751],[-73.78824,40.59612],[-73.78916,40.59609],[-73.78911,40.59548],[-73.78971,40.59485],[-73.79038,40.59476],[-73.79086,40.59502],[-73.79093,40.59597],[-73.79124,40.59663],[-73.79043,40.59867],[-73.79034,40.59921],[-73.78954,40.59998],[-73.7885,40.60055],[-73.78769,40.60134],[-73.78716,40.60233],[-73.78617,40.60306],[-73.7865,40.60326],[-73.78786,40.60312],[-73.79038,40.60118],[-73.79154,40.60037],[-73.79336,40.59997],[-73.79398,40.59957],[-73.80124,40.59913],[-73.80166,40.59891],[-73.80292,40.59888],[-73.80393,40.59795],[-73.80472,40.59767],[-73.80511,40.59716],[-73.80469,40.59638],[-73.80364,40.59514],[-73.80322,40.59515],[-73.8031,40.59457],[-73.80259,40.59439],[-73.80238,40.59329],[-73.80244,40.59265],[-73.80308,40.59262],[-73.80393,40.59311],[-73.80413,40.59352],[-73.80404,40.59417],[-73.80464,40.59492],[-73.80603,40.59556],[-73.80711,40.5953],[-73.80789,40.59432],[-73.80805,40.59366],[-73.80701,40.59306],[-73.80417,40.59186],[-73.80436,40.59132],[-73.80666,40.59227],[-73.80688,40.59227],[-73.80902,40.59335],[-73.8097,40.59354],[-73.80949,40.59277],[-73.8099,40.59228],[-73.81082,40.59209],[-73.81229,40.59133],[-73.81313,40.59125],[-73.81363,40.5908],[-73.81475,40.5906],[-73.81525,40.59],[-73.81674,40.58933],[-73.81884,40.58826],[-73.81924,40.58794],[-73.82146,40.58678],[-73.82264,40.58741],[-73.82326,40.58748],[-73.82525,40.58691],[-73.82466,40.58546],[-73.82404,40.58564],[-73.82305,40.58389],[-73.82134,40.58127]]]}},{"type":"Feature","id":"QN1403","properties":{"name":"Breezy Point-Belle Harbor-Rockaway Park-Broad Channel","nta2020":"QN1403","borough":"Queens","source":"NYC DCP NTA2020"},"geometry":{"type":"MultiPolygon","coordinates":[[[[-73.88347,40.56849],[-73.88358,40.56822],[-73.88446,40.5679],[-73.8849,40.56851],[-73.88655,40.56848],[-73.88748,40.56814],[-73.88879,40.56794],[-73.8896,40.56795],[-73.89147,40.56842],[-73.8925,40.56854],[-73.89314,40.5684],[-73.89413,40.56783],[-73.89549,40.56688],[-73.89534,40.56634],[-73.89613,40.56537],[-73.89969,40.56339],[-73.90034,40.56308],[-73.90171,40.56275],[-73.90237,40.56287],[-73.90287,40.56352],[-73.9047,40.56284],[-73.90616,40.5627],[-73.90782,40.56333],[-73.90852,40.56395],[-73.90928,40.56401],[-73.90981,40.56434],[-73.91008,40.56493],[-73.91145,40.56511],[-73.9122,40.56506],[-73.91313,40.56465],[-73.91387,40.56462],[-73.91519,40.5641],[-73.9165,40.56335],[-73.91766,40.56283],[-73.92108,40.56209],[-73.9233,40.5621],[-73.9253,40.56182],[-73.92616,40.56156],[-73.92793,40.56035],[-73.92879,40.55993],[-73.93178,40.55791],[-73.93222,40.55768],[-73.93167,40.55686],[-73.93119,40.55702],[-73.93043,40.55559],[-73.93057,40.55553],[-73.92982,40.55408],[-73.9291,40.5531],[-73.92734,40.55352],[-73.92644,40.55387],[-73.92375,40.5547],[-73.92207,40.55516],[-73.92099,40.55628],[-73.91756,40.55633],[-73.91361,40.55648],[-73.91317,40.55635],[-73.90989,40.55668],[-73.91008,40.55732],[-73.90995,40.56051],[-73.9101,40.56078],[-73.90836,40.56076],[-73.90752,40.5609],[-73.90333,40.56185],[-73.88957,40.5657],[-73.88276,40.56758],[-73.88313,40.56839],[-73.88347,40.56849]]],[[[-73.82134,40.58127],[-73.82305,40.58389],[-73.82404,40.58564],[-73.82466,40.58546],[-73.82525,40.58691],[-73.82785,40.58615],[-73.82828,40.58572],[-73.82853,40.58486],[-73.83584,40.58289],[-73.83865,40.58273],[-73.83896,40.58258],[-73.83936,40.58187],[-73.84521,40.58159],[-73.84861,40.5822],[-73.85045,40.58214],[-73.85306,40.58126],[-73.86288,40.57607],[-73.86275,40.57587],[-73.86397,40.57504],[-73.86335,40.57403],[-73.86457,40.5737],[-73.86668,40.573],[-73.86447,40.56915],[-73.86407,40.56931],[-73.86309,40.56761],[-73.86287,40.56684],[-73.86203,40.56712],[-73.86022,40.56793],[-73.85827,40.56863],[-73.8572,40.56911],[-73.85423,40.57015],[-73.8522,40.57075],[-73.85154,40.57107],[-73.84995,40.5716],[-73.84616,40.57304],[-73.84138,40.57473],[-73.83779,40.57593],[-73.83606,40.57674],[-73.83387,40.57766],[-73.83163,40.57837],[-73.83017,40.57876],[-73.82957,40.57879],[-73.82718,40.57945],[-73.82496,40.58015],[-73.82229,40.5811],[-73.82134,40.58127]]],[[[-73.82017,40.61519],[-73.82142,40.61506],[-73.82235,40.61427],[-73.824,40.61252],[-73.82401,40.61164],[-73.8232,40.61095],[-73.82289,40.61035],[-73.8221,40.61017],[-73.82138,40.60855],[-73.82086,40.60924],[-73.82049,40.61023],[-73.82121,40.6109],[-73.82126,40.61132],[-73.82052,40.61196],[-73.81962,40.61049],[-73.81998,40.60957],[-73.82003,40.60893],[-73.82126,40.60715],[-73.82291,40.60586],[-73.82247,40.60553],[-73.82278,40.60454],[-73.82295,40.60259],[-73.82362,40.60229],[-73.82354,40.60157],[-73.82399,40.60101],[-73.82445,40.60081],[-73.82444,40.60035],[-73.82172,40.60013],[-73.82195,40.59981],[-73.82377,40.60005],[-73.82422,40.59908],[-73.82396,40.59889],[-73.82449,40.5982],[-73.82543,40.59844],[-73.82611,40.59944],[-73.82722,40.59834],[-73.82806,40.59769],[-73.8291,40.59777],[-73.82948,40.59814],[-73.83076,40.59745],[-73.83154,40.59796],[-73.8324,40.59781],[-73.83336,40.59724],[-73.83349,40.59692],[-73.8342,40.59667],[-73.83485,40.59555],[-73.83472,40.59506],[-73.83374,40.59436],[-73.83322,40.59423],[-73.83131,40.59449],[-73.82725,40.59478],[-73.82548,40.59509],[-73.82414,40.59464],[-73.82231,40.59474],[-73.8212,40.59472],[-73.82067,40.5952],[-73.82053,40.59621],[-73.82016,40.59688],[-73.81928,40.59754],[-73.81849,40.5994],[-73.81831,40.60135],[-73.81772,40.60223],[-73.81726,40.60395],[-73.81739,40.60517],[-73.81643,40.60523],[-73.81589,40.60603],[-73.81601,40.6062],[-73.81523,40.60706],[-73.81496,40.60765],[-73.81477,40.60886],[-73.81521,40.60982],[-73.8145,40.61074],[-73.8156,40.61068],[-73.81564,40.6112],[-73.81603,40.61237],[-73.81572,40.61328],[-73.8148,40.6132],[-73.8155,40.61405],[-73.81624,40.61424],[-73.81657,40.61455],[-73.8175,40.61422],[-73.82017,40.61519]]]]}},{"type":"Feature","id":"SI0101","properties":{"name":"St. George-New Brighton","nta2020":"SI0101","borough":"Staten Island","source":"NYC DCP NTA2020"},"geometry":{"type":"Polygon","coordinates":[[[-74.07258,40.63795],[-74.07309,40.63863],[-74.07308,40.64052],[-74.07285,40.64081],[-74.06999,40.64108],[-74.07002,40.64129],[-74.07181,40.64113],[-74.07289,40.64093],[-74.07309,40.64165],[-74.0702,40.64202],[-74.07025,40.64222],[-74.07315,40.64186],[-74.07324,40.64219],[-74.07033,40.64253],[-74.07148,40.64282],[-74.07165,40.6438],[-74.07202,40.64442],[-74.0728,40.64492],[-74.07312,40.64472],[-74.07386,40.64543],[-74.07445,40.64508],[-74.07651,40.64698],[-74.079,40.64815],[-74.07981,40.64839],[-74.08052,40.64825],[-74.08142,40.64851],[-74.08213,40.64829],[-74.0839,40.64859],[-74.08485,40.6489],[-74.08571,40.64889],[-74.08768,40.64824],[-74.0894,40.64732],[-74.09136,40.64671],[-74.09301,40.64608],[-74.09469,40.64556],[-74.09605,40.64538],[-74.0985,40.64538],[-74.0988,40.64506],[-74.09972,40.64477],[-74.09957,40.64316],[-74.10039,40.64313],[-74.09991,40.64017],[-74.09788,40.64037],[-74.09767,40.63897],[-74.09409,40.63928],[-74.09386,40.63803],[-74.09339,40.63661],[-74.09244,40.6356],[-74.09028,40.63551],[-74.08922,40.6361],[-74.08871,40.63685],[-74.08691,40.63587],[-74.08588,40.6367],[-74.08374,40.63575],[-74.08178,40.63663],[-74.07902,40.6382],[-74.07855,40.6383],[-74.07684,40.63776],[-74.07508,40.63779],[-74.07258,40.63795]]]}},{"type":"Feature","id":"SI0102","properties":{"name":"Tompkinsville-Stapleton-Clifton-Fox Hills","nta2020":"SI0102","borough":"Staten Island","source":"NYC DCP NTA2020"},"geometry":{"type":"Polygon","coordinates":[[[-74.07258,40.63795],[-74.07508,40.63779],[-74.07684,40.63776],[-74.07855,40.6383],[-74.07902,40.6382],[-74.08178,40.63663],[-74.08374,40.63575],[-74.08444,40.63541],[-74.08575,40.63396],[-74.08491,40.63365],[-74.08344,40.63229],[-74.08141,40.63031],[-74.08173,40.63002],[-74.07973,40.62896],[-74.08046,40.62819],[-74.081,40.62735],[-74.08242,40.62746],[-74.08299,40.62736],[-74.08362,40.62693],[-74.08416,40.62628],[-74.08496,40.62463],[-74.08525,40.62281],[-74.0859,40.61992],[-74.08614,40.61827],[-74.08657,40.61718],[-74.08784,40.61533],[-74.08743,40.61443],[-74.08721,40.61332],[-74.0811,40.6178],[-74.07832,40.61557],[-74.07631,40.61657],[-74.07488,40.61743],[-74.07455,40.61695],[-74.07375,40.61765],[-74.07226,40.61853],[-74.07152,40.61927],[-74.07118,40.61999],[-74.07117,40.62071],[-74.07293,40.62298],[-74.07423,40.62423],[-74.07565,40.62667],[-74.07353,40.62687],[-74.0723,40.62715],[-74.07251,40.62778],[-74.07291,40.63],[-74.06813,40.62855],[-74.06802,40.6288],[-74.07299,40.63032],[-74.07333,40.63207],[-74.07291,40.63364],[-74.07304,40.63481],[-74.07354,40.63765],[-74.07258,40.63795]]]}},{"type":"Feature","id":"SI0103","properties":{"name":"Rosebank-Shore Acres-Park Hill","nta2020":"SI0103","borough":"Staten Island","source":"NYC DCP NTA2020"},"geometry":{"type":"Polygon","coordinates":[[[-74.06398,40.60215],[-74.0643,40.6031],[-74.06517,40.60422],[-74.06043,40.60636],[-74.05677,40.60791],[-74.05717,40.60875],[-74.05833,40.60978],[-74.05909,40.61064],[-74.05892,40.61106],[-74.05944,40.61167],[-74.06034,40.61191],[-74.06065,40.61282],[-74.06144,40.61439],[-74.06356,40.61645],[-74.0651,40.61752],[-74.06547,40.61812],[-74.06605,40.6182],[-74.0662,40.61873],[-74.06946,40.6211],[-74.06998,40.62143],[-74.07072,40.62259],[-74.07099,40.62272],[-74.07226,40.62462],[-74.07271,40.62688],[-74.07353,40.62687],[-74.07565,40.62667],[-74.07423,40.62423],[-74.07293,40.62298],[-74.07117,40.62071],[-74.07118,40.61999],[-74.07152,40.61927],[-74.07226,40.61853],[-74.07375,40.61765],[-74.07455,40.61695],[-74.07488,40.61743],[-74.07631,40.61657],[-74.07832,40.61557],[-74.0811,40.6178],[-74.08721,40.61332],[-74.08959,40.60986],[-74.09056,40.60901],[-74.08646,40.60729],[-74.0851,40.60681],[-74.08371,40.60645],[-74.08127,40.60616],[-74.07873,40.60611],[-74.0758,40.60594],[-74.07339,40.60546],[-74.07179,40.60494],[-74.06721,40.60319],[-74.06547,40.60258],[-74.06398,40.60215]]]}},{"type":"Feature","id":"SI0104","properties":{"name":"West New Brighton-Silver Lake-Grymes Hill","nta2020":"SI0104","borough":"Staten Island","source":"NYC DCP NTA2020"},"geometry":{"type":"Polygon","coordinates":[[[-74.09991,40.64017],[-74.10481,40.63898],[-74.10542,40.63891],[-74.10655,40.64425],[-74.10716,40.64421],[-74.1078,40.64523],[-74.10465,40.64531],[-74.10472,40.64557],[-74.10887,40.64559],[-74.10974,40.64547],[-74.11116,40.6451],[-74.11181,40.64462],[-74.11333,40.64373],[-74.11366,40.6437],[-74.11512,40.64279],[-74.11535,40.64248],[-74.11631,40.64229],[-74.1177,40.64155],[-74.11953,40.64148],[-74.12071,40.64105],[-74.11807,40.64131],[-74.1177,40.63944],[-74.11755,40.63696],[-74.12063,40.63658],[-74.12024,40.63431],[-74.1172,40.63458],[-74.11684,40.63268],[-74.12489,40.63174],[-74.12304,40.62902],[-74.12126,40.62783],[-74.12013,40.62654],[-74.11822,40.62511],[-74.11741,40.62468],[-74.11326,40.62306],[-74.11154,40.62161],[-74.11002,40.6207],[-74.10609,40.61899],[-74.10519,40.61829],[-74.10351,40.61642],[-74.1021,40.61461],[-74.10055,40.61347],[-74.09935,40.61243],[-74.09766,40.61052],[-74.09545,40.6105],[-74.09359,40.61016],[-74.09257,40.60983],[-74.09056,40.60901],[-74.08959,40.60986],[-74.08721,40.61332],[-74.08743,40.61443],[-74.08784,40.61533],[-74.08657,40.61718],[-74.08614,40.61827],[-74.0859,40.61992],[-74.08525,40.62281],[-74.08496,40.62463],[-74.08416,40.62628],[-74.08362,40.62693],[-74.08299,40.62736],[-74.08242,40.62746],[-74.081,40.62735],[-74.08046,40.62819],[-74.07973,40.62896],[-74.08173,40.63002],[-74.08141,40.63031],[-74.08344,40.63229],[-74.08491,40.63365],[-74.08575,40.63396],[-74.08444,40.63541],[-74.08374,40.63575],[-74.08588,40.6367],[-74.08691,40.63587],[-74.08871,40.63685],[-74.08922,40.6361],[-74.09028,40.63551],[-74.09244,40.6356],[-74.09339,40.63661],[-74.09386,40.63803],[-74.09409,40.63928],[-74.09767,40.63897],[-74.09788,40.64037],[-74.09991,40.64017]]]}},{"type":"Feature","id":"SI0105","properties":{"name":"Westerleigh-Castleton Corners","nta2020":"SI0105","borough":"Staten Island","source":"NYC DCP NTA2020"},"geometry":{"type":"Polygon","coordinates":[[[-74.12126,40.62783],[-74.12216,40.62749],[-74.12513,40.62711],[-74.1307,40.62635],[-74.13131,40.62634],[-74.13014,40.62997],[-74.13048,40.63089],[-74.13108,40.63116],[-74.13162,40.63059],[-74.13344,40.62908],[-74.13409,40.62955],[-74.13586,40.62807],[-74.13674,40.62867],[-74.13807,40.62758],[-74.13806,40.62708],[-74.13581,40.62507],[-74.137,40.62436],[-74.13827,40.62425],[-74.14129,40.6246],[-74.14403,40.625],[-74.14611,40.62494],[-74.14618,40.62479],[-74.14619,40.62475],[-74.14639,40.62421],[-74.14684,40.62332],[-74.14752,40.62229],[-74.14765,40.62213],[-74.14789,40.62181],[-74.14816,40.62148],[-74.14959,40.62004],[-74.15028,40.61933],[-74.15083,40.61876],[-74.15144,40.61814],[-74.15188,40.61763],[-74.15246,40.61655],[-74.15315,40.61433],[-74.15361,40.61265],[-74.15364,40.61253],[-74.15369,40.61236],[-74.15309,40.61191],[-74.15052,40.60992],[-74.14905,40.609],[-74.14723,40.60827],[-74.14531,40.60783],[-74.14287,40.6077],[-74.1374,40.60801],[-74.13095,40.60833],[-74.12876,40.6085],[-74.12699,40.60873],[-74.12407,40.60926],[-74.12139,40.60992],[-74.12134,40.60967],[-74.11829,40.61058],[-74.11632,40.61103],[-74.11488,40.61112],[-74.11381,40.61106],[-74.11258,40.61085],[-74.11031,40.61029],[-74.10857,40.61012],[-74.10547,40.61016],[-74.10416,40.61027],[-74.09766,40.61052],[-74.09935,40.61243],[-74.10055,40.61347],[-74.1021,40.61461],[-74.10351,40.61642],[-74.10519,40.61829],[-74.10609,40.61899],[-74.11002,40.6207],[-74.11154,40.62161],[-74.11326,40.62306],[-74.11741,40.62468],[-74.11822,40.62511],[-74.12013,40.62654],[-74.12126,40.62783]]]}},{"type":"Feature","id":"SI0106","properties":{"name":"Port Richmond","nta2020":"SI0106","borough":"Staten Island","source":"NYC DCP NTA2020"},"geometry":{"type":"Polygon","coordinates":[[[-74.12071,40.64105],[-74.12145,40.64151],[-74.12278,40.64135],[-74.12286,40.64083],[-74.12416,40.64014],[-74.12546,40.64016],[-74.12635,40.64038],[-74.12753,40.64016],[-74.12931,40.64035],[-74.12998,40.64074],[-74.13108,40.64103],[-74.13126,40.64161],[-74.1324,40.64171],[-74.13283,40.64143],[-74.13435,40.6419],[-74.13737,40.6413],[-74.13758,40.64101],[-74.13918,40.64086],[-74.14076,40.6406],[-74.14119,40.6404],[-74.1423,40.64031],[-74.14254,40.63955],[-74.14313,40.63969],[-74.1436,40.63852],[-74.14478,40.63796],[-74.14683,40.63139],[-74.14691,40.63116],[-74.14737,40.62984],[-74.14753,40.6294],[-74.14636,40.62916],[-74.14608,40.62876],[-74.146,40.62826],[-74.14594,40.62783],[-74.14546,40.6279],[-74.14544,40.62789],[-74.14543,40.62765],[-74.14545,40.62735],[-74.1455,40.62693],[-74.1455,40.62692],[-74.14555,40.62672],[-74.14558,40.62658],[-74.14568,40.62625],[-74.14603,40.62521],[-74.14611,40.62494],[-74.14403,40.625],[-74.14129,40.6246],[-74.13827,40.62425],[-74.137,40.62436],[-74.13581,40.62507],[-74.13806,40.62708],[-74.13807,40.62758],[-74.13674,40.62867],[-74.13586,40.62807],[-74.13409,40.62955],[-74.13344,40.62908],[-74.13162,40.63059],[-74.13108,40.63116],[-74.13048,40.63089],[-74.13014,40.62997],[-74.13131,40.62634],[-74.1307,40.62635],[-74.12513,40.62711],[-74.12216,40.62749],[-74.12126,40.62783],[-74.12304,40.62902],[-74.12489,40.63174],[-74.11684,40.63268],[-74.1172,40.63458],[-74.12024,40.63431],[-74.12063,40.63658],[-74.11755,40.63696],[-74.1177,40.63944],[-74.11807,40.64131],[-74.12071,40.64105]]]}},{"type":"Feature","id":"SI0107","properties":{"name":"Mariner's Harbor-Arlington-Graniteville","nta2020":"SI0107","borough":"Staten Island","source":"NYC DCP NTA2020"},"geometry":{"type":"MultiPolygon","coordinates":[[[[-74.15946,40.64146],[-74.15881,40.64177],[-74.15859,40.64247],[-74.15756,40.64325],[-74.1581,40.64377],[-74.16154,40.64416],[-74.16111,40.64184],[-74.16015,40.6415],[-74.15946,40.64146]]],[[[-74.1799,40.64528],[-74.17991,40.64439],[-74.18048,40.64429],[-74.18079,40.64459],[-74.18298,40.6448],[-74.1838,40.64442],[-74.18338,40.64353],[-74.18416,40.64358],[-74.18477,40.64405],[-74.18514,40.64381],[-74.18653,40.6434],[-74.19372,40.63758],[-74.19462,40.6374],[-74.1945,40.63646],[-74.19516,40.63575],[-74.19558,40.63501],[-74.19621,40.63469],[-74.19315,40.63306],[-74.19287,40.63291],[-74.19238,40.63264],[-74.19189,40.63238],[-74.19139,40.63212],[-74.19089,40.63186],[-74.19039,40.63161],[-74.18988,40.63137],[-74.18937,40.63112],[-74.18885,40.63089],[-74.18834,40.63065],[-74.18781,40.63043],[-74.18729,40.6302],[-74.18676,40.62998],[-74.18667,40.63008],[-74.18658,40.63018],[-74.18607,40.62996],[-74.18557,40.62974],[-74.18507,40.62952],[-74.18457,40.62929],[-74.18408,40.62905],[-74.1836,40.62881],[-74.1818,40.62785],[-74.18121,40.6275],[-74.18027,40.62694],[-74.1793,40.62638],[-74.17767,40.62507],[-74.17756,40.62496],[-74.17724,40.62465],[-74.17573,40.62324],[-74.17419,40.62229],[-74.1731,40.62189],[-74.17279,40.6218],[-74.17275,40.62179],[-74.17266,40.62177],[-74.16873,40.62121],[-74.16812,40.62106],[-74.16747,40.62082],[-74.16588,40.62014],[-74.16563,40.62003],[-74.1648,40.61967],[-74.16184,40.61817],[-74.15898,40.61638],[-74.15852,40.61604],[-74.15731,40.61518],[-74.1566,40.61462],[-74.15601,40.61415],[-74.15471,40.61314],[-74.15369,40.61236],[-74.15364,40.61253],[-74.15361,40.61265],[-74.15315,40.61433],[-74.15246,40.61655],[-74.15188,40.61763],[-74.15144,40.61814],[-74.15083,40.61876],[-74.15028,40.61933],[-74.14959,40.62004],[-74.14816,40.62148],[-74.14789,40.62181],[-74.14765,40.62213],[-74.14752,40.62229],[-74.14684,40.62332],[-74.14639,40.62421],[-74.14619,40.62475],[-74.14618,40.62479],[-74.14611,40.62494],[-74.14603,40.62521],[-74.14568,40.62625],[-74.14558,40.62658],[-74.14555,40.62672],[-74.1455,40.62692],[-74.1455,40.62693],[-74.14545,40.62735],[-74.14543,40.62765],[-74.14544,40.62789],[-74.14546,40.6279],[-74.14594,40.62783],[-74.146,40.62826],[-74.14608,40.62876],[-74.14636,40.62916],[-74.14753,40.6294],[-74.14737,40.62984],[-74.14691,40.63116],[-74.14683,40.63139],[-74.14478,40.63796],[-74.1436,40.63852],[-74.14313,40.63969],[-74.14336,40.63972],[-74.14349,40.63933],[-74.14382,40.63922],[-74.14395,40.63889],[-74.14484,40.63936],[-74.14602,40.6391],[-74.1475,40.63892],[-74.14878,40.63888],[-74.1492,40.63868],[-74.14945,40.63789],[-74.1498,40.6379],[-74.15056,40.63857],[-74.15113,40.63851],[-74.1512,40.63774],[-74.1527,40.63765],[-74.1527,40.6372],[-74.15425,40.63718],[-74.15478,40.63773],[-74.15637,40.63791],[-74.15789,40.63797],[-74.15893,40.63827],[-74.15958,40.638],[-74.15986,40.63874],[-74.16035,40.63845],[-74.16229,40.63877],[-74.16168,40.64062],[-74.16244,40.64094],[-74.16325,40.64097],[-74.16346,40.63986],[-74.16405,40.63995],[-74.16519,40.64065],[-74.16494,40.64222],[-74.16544,40.64229],[-74.16564,40.64122],[-74.16758,40.64185],[-74.16907,40.64214],[-74.17008,40.64209],[-74.17029,40.64178],[-74.1715,40.64178],[-74.17185,40.64241],[-74.17134,40.64286],[-74.17249,40.64285],[-74.17245,40.64343],[-74.17303,40.64372],[-74.17297,40.64425],[-74.17416,40.64509],[-74.1753,40.64508],[-74.17571,40.64458],[-74.17549,40.64347],[-74.17667,40.6434],[-74.17774,40.6429],[-74.1778,40.64262],[-74.17879,40.64251],[-74.17935,40.64323],[-74.179,40.64369],[-74.17933,40.64441],[-74.17973,40.64439],[-74.1799,40.64528]]]]}},{"type":"Feature","id":"SI0201","properties":{"name":"Grasmere-Arrochar-South Beach-Dongan Hills","nta2020":"SI0201","borough":"Staten Island","source":"NYC DCP NTA2020"},"geometry":{"type":"Polygon","coordinates":[[[-74.06398,40.60215],[-74.06547,40.60258],[-74.06721,40.60319],[-74.07179,40.60494],[-74.07339,40.60546],[-74.0758,40.60594],[-74.07873,40.60611],[-74.08127,40.60616],[-74.08371,40.60645],[-74.0851,40.60681],[-74.08646,40.60729],[-74.09056,40.60901],[-74.09141,40.60823],[-74.0924,40.60708],[-74.09273,40.60622],[-74.09244,40.60413],[-74.0929,40.60137],[-74.09172,40.59923],[-74.09178,40.59873],[-74.09272,40.59747],[-74.09428,40.59646],[-74.09621,40.59583],[-74.09722,40.59537],[-74.0998,40.59388],[-74.10041,40.59336],[-74.10098,40.59205],[-74.10088,40.59019],[-74.10208,40.58875],[-74.10455,40.58651],[-74.10526,40.58593],[-74.10061,40.58272],[-74.09844,40.58125],[-74.09341,40.58525],[-74.09262,40.58595],[-74.08912,40.58415],[-74.0885,40.5848],[-74.08654,40.58374],[-74.07833,40.57954],[-74.07602,40.57825],[-74.07508,40.57917],[-74.07336,40.58069],[-74.07178,40.58188],[-74.07096,40.58319],[-74.07021,40.58399],[-74.06722,40.58674],[-74.06478,40.5885],[-74.06503,40.589],[-74.06215,40.59203],[-74.06055,40.59339],[-74.05977,40.59384],[-74.06056,40.59492],[-74.06376,40.59894],[-74.06109,40.59982],[-74.06196,40.60124],[-74.06398,40.60215]]]}},{"type":"Feature","id":"SI0202","properties":{"name":"New Dorp-Midland Beach","nta2020":"SI0202","borough":"Staten Island","source":"NYC DCP NTA2020"},"geometry":{"type":"Polygon","coordinates":[[[-74.07602,40.57825],[-74.07833,40.57954],[-74.08654,40.58374],[-74.0885,40.5848],[-74.08912,40.58415],[-74.09262,40.58595],[-74.09341,40.58525],[-74.09844,40.58125],[-74.10061,40.58272],[-74.10526,40.58593],[-74.10791,40.58369],[-74.10962,40.58248],[-74.11128,40.5818],[-74.11307,40.58078],[-74.11367,40.58032],[-74.11542,40.57864],[-74.11602,40.57837],[-74.11702,40.57822],[-74.11849,40.57664],[-74.11979,40.57582],[-74.12154,40.57516],[-74.12183,40.57423],[-74.12139,40.57298],[-74.12145,40.57178],[-74.12217,40.57095],[-74.12338,40.56993],[-74.1249,40.56896],[-74.12309,40.56797],[-74.11636,40.56392],[-74.11376,40.56651],[-74.11014,40.56432],[-74.10558,40.562],[-74.10328,40.56066],[-74.10174,40.55991],[-74.1001,40.55896],[-74.09933,40.55911],[-74.09877,40.55943],[-74.09829,40.55934],[-74.09742,40.56089],[-74.09662,40.5621],[-74.09567,40.56278],[-74.09544,40.56342],[-74.10307,40.56713],[-74.10661,40.56879],[-74.10874,40.56992],[-74.10638,40.57223],[-74.10604,40.57207],[-74.10524,40.5731],[-74.10471,40.57401],[-74.10127,40.57229],[-74.09387,40.56842],[-74.09275,40.5681],[-74.09205,40.5689],[-74.08877,40.57238],[-74.08766,40.57302],[-74.08598,40.57225],[-74.08469,40.57149],[-74.08301,40.57279],[-74.08091,40.5747],[-74.07878,40.57602],[-74.07738,40.57729],[-74.07602,40.57825]]]}},{"type":"Feature","id":"SI0203","properties":{"name":"Todt Hill-Emerson Hill-Lighthouse Hill-Manor Heights","nta2020":"SI0203","borough":"Staten Island","source":"NYC DCP NTA2020"},"geometry":{"type":"Polygon","coordinates":[[[-74.09766,40.61052],[-74.10416,40.61027],[-74.10547,40.61016],[-74.10857,40.61012],[-74.11031,40.61029],[-74.11258,40.61085],[-74.11381,40.61106],[-74.11488,40.61112],[-74.11632,40.61103],[-74.11829,40.61058],[-74.12134,40.60967],[-74.12139,40.60992],[-74.12407,40.60926],[-74.12699,40.60873],[-74.12876,40.6085],[-74.13095,40.60833],[-74.1374,40.60801],[-74.14287,40.6077],[-74.14531,40.60783],[-74.14723,40.60827],[-74.14751,40.60607],[-74.14726,40.6057],[-74.14648,40.60523],[-74.14203,40.60338],[-74.14046,40.60308],[-74.14002,40.5986],[-74.14272,40.59491],[-74.14542,40.59148],[-74.14552,40.59121],[-74.14584,40.58857],[-74.14632,40.58608],[-74.14728,40.58502],[-74.14943,40.5834],[-74.1509,40.58217],[-74.1514,40.58135],[-74.15231,40.58059],[-74.15316,40.58018],[-74.16417,40.574],[-74.16983,40.57084],[-74.16964,40.56893],[-74.16963,40.56765],[-74.16969,40.56608],[-74.16975,40.56346],[-74.16977,40.56289],[-74.16983,40.5611],[-74.16689,40.56048],[-74.16592,40.5603],[-74.16494,40.56012],[-74.16378,40.56033],[-74.16193,40.56112],[-74.16153,40.56128],[-74.16097,40.56147],[-74.15916,40.56194],[-74.15826,40.56221],[-74.15741,40.56251],[-74.15726,40.56256],[-74.15712,40.56263],[-74.15698,40.56271],[-74.15686,40.5628],[-74.15675,40.5629],[-74.15585,40.56378],[-74.15493,40.56525],[-74.15451,40.56564],[-74.15434,40.56575],[-74.15416,40.56584],[-74.15358,40.56626],[-74.15172,40.5679],[-74.15033,40.56892],[-74.14984,40.56937],[-74.14936,40.56974],[-74.1479,40.5709],[-74.14721,40.57054],[-74.14629,40.5705],[-74.14439,40.56971],[-74.14388,40.57061],[-74.14419,40.57205],[-74.13379,40.5733],[-74.13265,40.57352],[-74.12774,40.57521],[-74.12707,40.57641],[-74.12516,40.57589],[-74.1235,40.57582],[-74.12289,40.57565],[-74.1221,40.57514],[-74.12154,40.57516],[-74.11979,40.57582],[-74.11849,40.57664],[-74.11702,40.57822],[-74.11602,40.57837],[-74.11542,40.57864],[-74.11367,40.58032],[-74.11307,40.58078],[-74.11128,40.5818],[-74.10962,40.58248],[-74.10791,40.58369],[-74.10526,40.58593],[-74.10455,40.58651],[-74.10208,40.58875],[-74.10088,40.59019],[-74.10098,40.59205],[-74.10041,40.59336],[-74.0998,40.59388],[-74.09722,40.59537],[-74.09621,40.59583],[-74.09428,40.59646],[-74.09272,40.59747],[-74.09178,40.59873],[-74.09172,40.59923],[-74.0929,40.60137],[-74.09244,40.60413],[-74.09273,40.60622],[-74.0924,40.60708],[-74.09141,40.60823],[-74.09056,40.60901],[-74.09257,40.60983],[-74.09359,40.61016],[-74.09545,40.6105],[-74.09766,40.61052]]]}},{"type":"Feature","id":"SI0204","properties":{"name":"New Springville-Willowbrook-Bulls Head-Travis","nta2020":"SI0204","borough":"Staten Island","source":"NYC DCP NTA2020"},"geometry":{"type":"Polygon","coordinates":[[[-74.15369,40.61236],[-74.15471,40.61314],[-74.15601,40.61415],[-74.1566,40.61462],[-74.15731,40.61518],[-74.15852,40.61604],[-74.15898,40.61638],[-74.16184,40.61817],[-74.1648,40.61967],[-74.16563,40.62003],[-74.16588,40.62014],[-74.16747,40.62082],[-74.16812,40.62106],[-74.16873,40.62121],[-74.17266,40.62177],[-74.17275,40.62179],[-74.17279,40.6218],[-74.1731,40.62189],[-74.17419,40.62229],[-74.17573,40.62324],[-74.17724,40.62465],[-74.17756,40.62496],[-74.17767,40.62507],[-74.1793,40.62638],[-74.18027,40.62694],[-74.18121,40.6275],[-74.1818,40.62785],[-74.1836,40.62881],[-74.18396,40.62899],[-74.18433,40.62917],[-74.1847,40.62935],[-74.18507,40.62952],[-74.18544,40.62969],[-74.18582,40.62985],[-74.1862,40.63002],[-74.18658,40.63018],[-74.18667,40.63008],[-74.18676,40.62998],[-74.18716,40.63015],[-74.18755,40.63031],[-74.18795,40.63048],[-74.18834,40.63065],[-74.18873,40.63083],[-74.18911,40.631],[-74.1895,40.63118],[-74.18988,40.63137],[-74.19026,40.63155],[-74.19064,40.63174],[-74.19102,40.63193],[-74.19139,40.63212],[-74.19177,40.63231],[-74.19214,40.63251],[-74.1925,40.63271],[-74.19287,40.63291],[-74.19315,40.63306],[-74.19621,40.63469],[-74.19621,40.63424],[-74.19688,40.63377],[-74.19674,40.63346],[-74.19735,40.63301],[-74.19851,40.63279],[-74.20014,40.63149],[-74.20048,40.62967],[-74.20099,40.62935],[-74.20142,40.62608],[-74.20098,40.62537],[-74.20108,40.62409],[-74.20159,40.62351],[-74.2013,40.62271],[-74.20131,40.62167],[-74.20077,40.62057],[-74.20104,40.6201],[-74.20068,40.61918],[-74.20084,40.61881],[-74.20035,40.61829],[-74.20092,40.61781],[-74.20083,40.6171],[-74.20045,40.61634],[-74.20245,40.61329],[-74.2023,40.61188],[-74.20267,40.60984],[-74.20282,40.60828],[-74.20222,40.60598],[-74.20139,40.60465],[-74.20015,40.60369],[-74.19876,40.60172],[-74.19838,40.60087],[-74.1973,40.59803],[-74.1975,40.59773],[-74.19752,40.59681],[-74.19856,40.59556],[-74.19903,40.59468],[-74.19942,40.59441],[-74.19965,40.59368],[-74.20029,40.59314],[-74.20093,40.59287],[-74.20201,40.59179],[-74.20183,40.59154],[-74.20247,40.59085],[-74.20389,40.58979],[-74.20441,40.58971],[-74.20465,40.58929],[-74.20413,40.58878],[-74.20455,40.5883],[-74.20427,40.58733],[-74.2042,40.58642],[-74.20463,40.58436],[-74.2044,40.58372],[-74.20513,40.58207],[-74.20507,40.58167],[-74.20598,40.58043],[-74.20603,40.57977],[-74.20441,40.58018],[-74.20295,40.58011],[-74.20059,40.57952],[-74.20049,40.57996],[-74.19997,40.58058],[-74.20008,40.58156],[-74.19965,40.58227],[-74.19803,40.58289],[-74.19599,40.58422],[-74.19423,40.58516],[-74.19333,40.58505],[-74.19233,40.58558],[-74.19132,40.58571],[-74.19077,40.58514],[-74.18788,40.58669],[-74.18539,40.58761],[-74.18484,40.5883],[-74.18468,40.58886],[-74.18538,40.58939],[-74.18651,40.58945],[-74.18466,40.59148],[-74.18292,40.59329],[-74.18208,40.59426],[-74.17955,40.59675],[-74.17823,40.59984],[-74.17492,40.60222],[-74.17256,40.60299],[-74.17092,40.60247],[-74.1672,40.60208],[-74.16829,40.59644],[-74.16887,40.59474],[-74.16687,40.59387],[-74.16563,40.59363],[-74.1636,40.59338],[-74.16342,40.59245],[-74.16579,40.59072],[-74.16759,40.58896],[-74.16796,40.58831],[-74.16842,40.58659],[-74.16896,40.58311],[-74.16967,40.57795],[-74.16997,40.57293],[-74.16983,40.57084],[-74.16417,40.574],[-74.15316,40.58018],[-74.15231,40.58059],[-74.1514,40.58135],[-74.1509,40.58217],[-74.14943,40.5834],[-74.14728,40.58502],[-74.14632,40.58608],[-74.14584,40.58857],[-74.14552,40.59121],[-74.14542,40.59148],[-74.14272,40.59491],[-74.14002,40.5986],[-74.14046,40.60308],[-74.14203,40.60338],[-74.14648,40.60523],[-74.14726,40.6057],[-74.14751,40.60607],[-74.14723,40.60827],[-74.14905,40.609],[-74.15052,40.60992],[-74.15309,40.61191],[-74.15369,40.61236]]]}},{"type":"Feature","id":"SI0301","properties":{"name":"Oakwood-Richmondtown","nta2020":"SI0301","borough":"Staten Island","source":"NYC DCP NTA2020"},"geometry":{"type":"Polygon","coordinates":[[[-74.12154,40.57516],[-74.1221,40.57514],[-74.12289,40.57565],[-74.1235,40.57582],[-74.12516,40.57589],[-74.12707,40.57641],[-74.12774,40.57521],[-74.13265,40.57352],[-74.13379,40.5733],[-74.14419,40.57205],[-74.14388,40.57061],[-74.14439,40.56971],[-74.14131,40.56844],[-74.13651,40.56617],[-74.13622,40.56599],[-74.13592,40.56583],[-74.1356,40.56567],[-74.13528,40.56553],[-74.13494,40.5654],[-74.1346,40.56528],[-74.1324,40.56477],[-74.13174,40.56455],[-74.13265,40.56351],[-74.13311,40.56288],[-74.13341,40.56214],[-74.13367,40.56185],[-74.13397,40.5616],[-74.13481,40.56084],[-74.13531,40.55943],[-74.13575,40.55886],[-74.13818,40.5576],[-74.13885,40.55696],[-74.13377,40.55282],[-74.13321,40.55239],[-74.13317,40.55236],[-74.13178,40.5535],[-74.13043,40.55445],[-74.1273,40.5573],[-74.12402,40.55524],[-74.11946,40.55223],[-74.11857,40.55148],[-74.11863,40.55113],[-74.11656,40.54914],[-74.11494,40.5496],[-74.11395,40.54873],[-74.11338,40.54808],[-74.11279,40.54789],[-74.11029,40.5515],[-74.10923,40.55261],[-74.10769,40.55398],[-74.10657,40.5542],[-74.10643,40.55386],[-74.1051,40.55314],[-74.10466,40.55413],[-74.1031,40.55591],[-74.10185,40.55623],[-74.10125,40.55767],[-74.1008,40.55833],[-74.1001,40.55896],[-74.10174,40.55991],[-74.10328,40.56066],[-74.10558,40.562],[-74.11014,40.56432],[-74.11376,40.56651],[-74.11636,40.56392],[-74.12309,40.56797],[-74.1249,40.56896],[-74.12338,40.56993],[-74.12217,40.57095],[-74.12145,40.57178],[-74.12139,40.57298],[-74.12183,40.57423],[-74.12154,40.57516]]]}},{"type":"Feature","id":"SI0302","properties":{"name":"Great Kills-Eltingville","nta2020":"SI0302","borough":"Staten Island","source":"NYC DCP NTA2020"},"geometry":{"type":"Polygon","coordinates":[[[-74.14699,40.57049],[-74.14721,40.57054],[-74.1479,40.5709],[-74.14936,40.56974],[-74.14984,40.56937],[-74.15033,40.56892],[-74.15172,40.5679],[-74.15358,40.56626],[-74.15416,40.56584],[-74.15434,40.56575],[-74.15451,40.56564],[-74.15493,40.56525],[-74.15585,40.56378],[-74.15675,40.5629],[-74.15686,40.5628],[-74.15698,40.56271],[-74.15712,40.56263],[-74.15726,40.56256],[-74.15826,40.56221],[-74.15916,40.56194],[-74.16097,40.56147],[-74.16153,40.56128],[-74.16193,40.56112],[-74.16272,40.56078],[-74.16378,40.56033],[-74.16494,40.56012],[-74.16592,40.5603],[-74.16689,40.56048],[-74.16983,40.5611],[-74.17015,40.56114],[-74.1711,40.56129],[-74.17185,40.56153],[-74.17223,40.56114],[-74.17245,40.5609],[-74.17322,40.56009],[-74.17364,40.55939],[-74.17409,40.55808],[-74.17598,40.55511],[-74.17594,40.55492],[-74.17807,40.55086],[-74.1786,40.54989],[-74.17893,40.54928],[-74.17909,40.54898],[-74.17925,40.54867],[-74.17943,40.54835],[-74.17989,40.54767],[-74.18038,40.54709],[-74.18073,40.54669],[-74.1781,40.54536],[-74.17578,40.54409],[-74.17517,40.54378],[-74.17443,40.54346],[-74.17378,40.54316],[-74.17245,40.54258],[-74.171,40.5419],[-74.16979,40.54139],[-74.16922,40.54113],[-74.1691,40.54104],[-74.16905,40.54098],[-74.16901,40.54085],[-74.16892,40.54047],[-74.16902,40.5401],[-74.16894,40.53987],[-74.16873,40.53953],[-74.16746,40.53773],[-74.16527,40.53476],[-74.16486,40.53411],[-74.16006,40.52764],[-74.1597,40.5273],[-74.1589,40.52794],[-74.15702,40.52899],[-74.15643,40.52901],[-74.15493,40.53023],[-74.15431,40.5306],[-74.15246,40.53208],[-74.15112,40.53275],[-74.1507,40.53255],[-74.14972,40.5335],[-74.14978,40.5339],[-74.14794,40.53493],[-74.1467,40.53542],[-74.14619,40.53537],[-74.14544,40.53583],[-74.14474,40.53581],[-74.14384,40.53715],[-74.14305,40.53725],[-74.14174,40.53705],[-74.14239,40.53776],[-74.14177,40.53855],[-74.14234,40.53896],[-74.14177,40.5394],[-74.14191,40.54037],[-74.14247,40.54133],[-74.1422,40.54197],[-74.14013,40.54352],[-74.14004,40.54389],[-74.13874,40.54491],[-74.13874,40.54539],[-74.13795,40.54601],[-74.13751,40.54559],[-74.13697,40.54598],[-74.13586,40.54646],[-74.13746,40.54732],[-74.13865,40.54849],[-74.13739,40.5496],[-74.13607,40.55044],[-74.13456,40.55126],[-74.13317,40.55236],[-74.13321,40.55239],[-74.13377,40.55282],[-74.13885,40.55696],[-74.13818,40.5576],[-74.13575,40.55886],[-74.13531,40.55943],[-74.13481,40.56084],[-74.13397,40.5616],[-74.13367,40.56185],[-74.13341,40.56214],[-74.13311,40.56288],[-74.13265,40.56351],[-74.13174,40.56455],[-74.1324,40.56477],[-74.1346,40.56528],[-74.13494,40.5654],[-74.13528,40.56553],[-74.1356,40.56567],[-74.13592,40.56583],[-74.13622,40.56599],[-74.13651,40.56617],[-74.14131,40.56844],[-74.1449,40.56992],[-74.14629,40.5705],[-74.14699,40.57049]]]}},{"type":"Feature","id":"SI0303","properties":{"name":"Arden Heights-Rossville","nta2020":"SI0303","borough":"Staten Island","source":"NYC DCP NTA2020"},"geometry":{"type":"Polygon","coordinates":[[[-74.18073,40.54669],[-74.18038,40.54709],[-74.17989,40.54767],[-74.17943,40.54835],[-74.17925,40.54867],[-74.17909,40.54898],[-74.17893,40.54928],[-74.1786,40.54989],[-74.17807,40.55086],[-74.17594,40.55492],[-74.17598,40.55511],[-74.17409,40.55808],[-74.17364,40.55939],[-74.17322,40.56009],[-74.17245,40.5609],[-74.17223,40.56114],[-74.17185,40.56153],[-74.17347,40.5623],[-74.17495,40.56287],[-74.1766,40.56325],[-74.17795,40.56399],[-74.18181,40.56539],[-74.18319,40.56546],[-74.18384,40.56532],[-74.18526,40.56456],[-74.18728,40.56407],[-74.1891,40.5637],[-74.18983,40.56342],[-74.19066,40.56272],[-74.19186,40.56252],[-74.19318,40.56261],[-74.19386,40.56223],[-74.1977,40.5589],[-74.20018,40.55646],[-74.2008,40.55605],[-74.20205,40.55589],[-74.20323,40.55609],[-74.20447,40.557],[-74.20586,40.55751],[-74.207,40.55758],[-74.21051,40.55707],[-74.2122,40.55645],[-74.2135,40.55568],[-74.21437,40.5556],[-74.21456,40.5556],[-74.21474,40.55558],[-74.21492,40.55555],[-74.21509,40.55551],[-74.21721,40.55472],[-74.21727,40.55471],[-74.21733,40.5547],[-74.21738,40.55468],[-74.21744,40.55466],[-74.21749,40.55464],[-74.21754,40.55461],[-74.21758,40.55458],[-74.21763,40.55455],[-74.21767,40.55452],[-74.21771,40.55449],[-74.21775,40.55445],[-74.21778,40.55442],[-74.21781,40.55438],[-74.21784,40.55434],[-74.21786,40.55429],[-74.21788,40.55425],[-74.2179,40.55408],[-74.21791,40.55392],[-74.21787,40.55358],[-74.21783,40.55342],[-74.21777,40.55325],[-74.21779,40.55306],[-74.21878,40.55248],[-74.22107,40.55056],[-74.22132,40.55026],[-74.22109,40.54978],[-74.22088,40.54921],[-74.22065,40.5486],[-74.2193,40.54506],[-74.21801,40.54184],[-74.21779,40.54113],[-74.21475,40.54141],[-74.21228,40.54139],[-74.20699,40.54175],[-74.20349,40.54216],[-74.20218,40.54239],[-74.20024,40.54286],[-74.19833,40.54304],[-74.19731,40.54327],[-74.19586,40.54433],[-74.19514,40.54469],[-74.19153,40.54692],[-74.1893,40.54839],[-74.18859,40.54895],[-74.18757,40.55016],[-74.18435,40.5485],[-74.18073,40.54669]]]}},{"type":"Feature","id":"SI0304","properties":{"name":"Annadale-Huguenot-Prince's Bay-Woodrow","nta2020":"SI0304","borough":"Staten Island","source":"NYC DCP NTA2020"},"geometry":{"type":"Polygon","coordinates":[[[-74.18073,40.54669],[-74.18435,40.5485],[-74.18757,40.55016],[-74.18859,40.54895],[-74.1893,40.54839],[-74.19153,40.54692],[-74.19514,40.54469],[-74.19586,40.54433],[-74.19731,40.54327],[-74.19833,40.54304],[-74.20024,40.54286],[-74.20218,40.54239],[-74.20349,40.54216],[-74.20699,40.54175],[-74.21228,40.54139],[-74.21475,40.54141],[-74.21779,40.54113],[-74.21801,40.54184],[-74.2193,40.54506],[-74.22065,40.5486],[-74.221,40.54812],[-74.22128,40.54773],[-74.2222,40.54624],[-74.22343,40.54361],[-74.22397,40.54188],[-74.22416,40.54108],[-74.22422,40.5408],[-74.22448,40.53892],[-74.22453,40.53829],[-74.22456,40.53766],[-74.22453,40.53651],[-74.22395,40.53084],[-74.22359,40.52681],[-74.2237,40.525],[-74.22399,40.52288],[-74.22424,40.522],[-74.22448,40.52152],[-74.225,40.52047],[-74.2238,40.5182],[-74.22392,40.51821],[-74.22404,40.51823],[-74.22416,40.51824],[-74.22428,40.51825],[-74.2244,40.51827],[-74.22452,40.51829],[-74.22464,40.51831],[-74.22476,40.51833],[-74.22488,40.51835],[-74.22499,40.51838],[-74.22511,40.51841],[-74.22523,40.51844],[-74.22534,40.51847],[-74.22546,40.5185],[-74.22557,40.51853],[-74.22568,40.51857],[-74.22607,40.51888],[-74.22638,40.51905],[-74.22655,40.51912],[-74.22672,40.51917],[-74.2267,40.51856],[-74.22658,40.51728],[-74.22322,40.50867],[-74.22292,40.50724],[-74.22319,40.50555],[-74.22319,40.50513],[-74.22312,40.50485],[-74.22209,40.50428],[-74.22207,40.50376],[-74.22211,40.50319],[-74.22187,40.50272],[-74.22184,40.50255],[-74.22166,40.50255],[-74.22127,40.50266],[-74.22074,40.50275],[-74.21975,40.50276],[-74.21752,40.5034],[-74.21577,40.50553],[-74.21434,40.50653],[-74.21363,40.50644],[-74.2123,40.50766],[-74.21025,40.5103],[-74.20922,40.51113],[-74.20757,40.51186],[-74.20536,40.51232],[-74.20491,40.51229],[-74.20268,40.51275],[-74.20083,40.51304],[-74.2001,40.51295],[-74.20007,40.51237],[-74.19961,40.5114],[-74.1987,40.51124],[-74.19798,40.51088],[-74.19681,40.51008],[-74.19594,40.50986],[-74.19521,40.50999],[-74.1941,40.51065],[-74.19331,40.51172],[-74.19158,40.51335],[-74.18971,40.51533],[-74.18927,40.51535],[-74.1885,40.51632],[-74.18657,40.51812],[-74.18483,40.51935],[-74.18244,40.52033],[-74.18117,40.52066],[-74.17981,40.52056],[-74.17927,40.52002],[-74.17827,40.51993],[-74.17762,40.51934],[-74.17601,40.52088],[-74.17343,40.52258],[-74.1727,40.52298],[-74.17136,40.52346],[-74.17051,40.52306],[-74.17,40.52305],[-74.16885,40.5236],[-74.16691,40.52484],[-74.16554,40.52543],[-74.16372,40.52636],[-74.16223,40.52721],[-74.16147,40.52707],[-74.16006,40.52764],[-74.16486,40.53411],[-74.16527,40.53476],[-74.16746,40.53773],[-74.16873,40.53953],[-74.16894,40.53987],[-74.16902,40.5401],[-74.16892,40.54047],[-74.16901,40.54085],[-74.16905,40.54098],[-74.1691,40.54104],[-74.16922,40.54113],[-74.16979,40.54139],[-74.171,40.5419],[-74.17245,40.54258],[-74.17378,40.54316],[-74.17443,40.54346],[-74.17517,40.54378],[-74.17578,40.54409],[-74.1781,40.54536],[-74.18073,40.54669]]]}},{"type":"Feature","id":"SI0305","properties":{"name":"Tottenville-Charleston","nta2020":"SI0305","borough":"Staten Island","source":"NYC DCP NTA2020"},"geometry":{"type":"Polygon","coordinates":[[[-74.21324,40.55668],[-74.21379,40.55641],[-74.21462,40.55692],[-74.21474,40.55625],[-74.21604,40.55555],[-74.21775,40.55501],[-74.21818,40.55561],[-74.21882,40.55588],[-74.21854,40.55494],[-74.21975,40.55462],[-74.22019,40.55543],[-74.22087,40.55595],[-74.22143,40.55539],[-74.22297,40.55551],[-74.2232,40.5558],[-74.22607,40.55622],[-74.22744,40.55605],[-74.22811,40.55637],[-74.22873,40.55631],[-74.22935,40.55576],[-74.23018,40.5554],[-74.23061,40.55559],[-74.23193,40.55416],[-74.23225,40.55343],[-74.2327,40.55294],[-74.23354,40.55247],[-74.2349,40.55301],[-74.23636,40.55238],[-74.23651,40.55204],[-74.23617,40.55146],[-74.2365,40.55044],[-74.23752,40.5502],[-74.23815,40.5494],[-74.23939,40.54837],[-74.24046,40.54763],[-74.2418,40.54701],[-74.24294,40.54712],[-74.24364,40.54767],[-74.24614,40.5457],[-74.24762,40.54352],[-74.24768,40.54313],[-74.24647,40.5422],[-74.24605,40.54137],[-74.24548,40.54064],[-74.24539,40.53954],[-74.24512,40.53895],[-74.24443,40.53802],[-74.24496,40.53725],[-74.24496,40.53667],[-74.2442,40.53693],[-74.24374,40.53612],[-74.24221,40.53461],[-74.24198,40.5336],[-74.24228,40.5334],[-74.24218,40.53258],[-74.24181,40.53257],[-74.24153,40.53148],[-74.24155,40.53088],[-74.24225,40.52983],[-74.24219,40.52945],[-74.24254,40.52852],[-74.24289,40.52821],[-74.24289,40.52731],[-74.24334,40.52586],[-74.24397,40.52501],[-74.24341,40.52485],[-74.2428,40.52402],[-74.2426,40.52207],[-74.24293,40.52124],[-74.24133,40.5209],[-74.24003,40.52032],[-74.24049,40.5192],[-74.24087,40.5195],[-74.24233,40.51833],[-74.24365,40.5183],[-74.24432,40.51852],[-74.24567,40.5178],[-74.24521,40.5173],[-74.24675,40.5165],[-74.24693,40.51607],[-74.24752,40.51574],[-74.24829,40.5165],[-74.24851,40.51623],[-74.24985,40.51553],[-74.25048,40.51477],[-74.25137,40.51438],[-74.25213,40.51372],[-74.25193,40.51322],[-74.25217,40.51279],[-74.25308,40.51215],[-74.25301,40.5112],[-74.25332,40.50987],[-74.25412,40.509],[-74.25545,40.50804],[-74.25559,40.50772],[-74.25531,40.50654],[-74.25537,40.50456],[-74.25524,40.50394],[-74.25428,40.50217],[-74.25391,40.50175],[-74.25341,40.50052],[-74.2526,40.49965],[-74.25111,40.49894],[-74.25086,40.49801],[-74.24972,40.49689],[-74.24818,40.49629],[-74.24676,40.49614],[-74.24591,40.49679],[-74.24455,40.4975],[-74.2441,40.49759],[-74.24019,40.49764],[-74.23967,40.49771],[-74.23851,40.4989],[-74.23777,40.49919],[-74.23701,40.49986],[-74.23527,40.50061],[-74.2336,40.50092],[-74.23125,40.50184],[-74.23034,40.50186],[-74.22975,40.50209],[-74.22844,40.50226],[-74.22702,40.50229],[-74.225,40.50178],[-74.22399,40.50223],[-74.22284,40.50253],[-74.22251,40.50251],[-74.22205,40.50261],[-74.22194,40.50258],[-74.22184,40.50255],[-74.22187,40.50272],[-74.22211,40.50319],[-74.22207,40.50376],[-74.22209,40.50428],[-74.22312,40.50485],[-74.22319,40.50513],[-74.22319,40.50555],[-74.22292,40.50724],[-74.22322,40.50867],[-74.22658,40.51728],[-74.2267,40.51856],[-74.22672,40.51917],[-74.22655,40.51912],[-74.22638,40.51905],[-74.22607,40.51888],[-74.22568,40.51857],[-74.2255,40.51851],[-74.22532,40.51846],[-74.22513,40.51841],[-74.22495,40.51837],[-74.22476,40.51833],[-74.22457,40.5183],[-74.22438,40.51827],[-74.22418,40.51824],[-74.22399,40.51822],[-74.2238,40.5182],[-74.225,40.52047],[-74.22448,40.52152],[-74.22424,40.522],[-74.22399,40.52288],[-74.2237,40.525],[-74.22359,40.52681],[-74.22395,40.53084],[-74.22453,40.53651],[-74.22456,40.53766],[-74.22453,40.53829],[-74.22448,40.53892],[-74.22422,40.5408],[-74.22416,40.54108],[-74.22397,40.54188],[-74.22343,40.54361],[-74.2222,40.54624],[-74.22128,40.54773],[-74.221,40.54812],[-74.22065,40.5486],[-74.22088,40.54921],[-74.22109,40.54978],[-74.22132,40.55026],[-74.22107,40.55056],[-74.21878,40.55248],[-74.21779,40.55306],[-74.21777,40.55325],[-74.21783,40.55342],[-74.21787,40.55358],[-74.21791,40.55392],[-74.2179,40.55408],[-74.21788,40.55425],[-74.21785,40.55431],[-74.21782,40.55436],[-74.21778,40.55442],[-74.21774,40.55447],[-74.21768,40.55451],[-74.21763,40.55455],[-74.21757,40.55459],[-74.2175,40.55463],[-74.21744,40.55466],[-74.21737,40.55469],[-74.21729,40.55471],[-74.21721,40.55472],[-74.21509,40.55551],[-74.21492,40.55555],[-74.21474,40.55558],[-74.21456,40.5556],[-74.21437,40.5556],[-74.2135,40.55568],[-74.2122,40.55645],[-74.21051,40.55707],[-74.207,40.55758],[-74.2057,40.55852],[-74.21324,40.55668]]]}}]}